,,,,,,,,,,,,,,,,,,,,,,,,,,sixLinked,whiteSocketCount
Abberath's Hooves,,,,,,,,,,,,,,,,,,,,,,,,,,,
Abberath's Horn,,,,,,,,,,,,,,,,,,,,,,,,,,,
Abhorrent Interrogation,,,,,,,,,,,,,,,,,,,,,,,,,,,
Abyssus,,,,,,,,,,,,,,,,,,,,,,,,,,,
Acton's Nightmare,,,,,,,,,,,,,,,,,,,,,,,,,,,
Actum,,,,,,,,,,,,,,,,,,,,,,,,,,,
Advancing Fortress,,,,,,,,,,,,,,,,,,,,,,,,,,,
Aegis Aurora,,,,,,,,,,,,,,,,,,,,,,,,,,,
Agnerod East,,,,,,,,,,,,,,,,,,,,,,,,,,,
Agnerod North,,,,,,,,,,,,,,,,,,,,,,,,,,,
Agnerod South,,,,,,,,,,,,,,,,,,,,,,,,,,,
Agnerod West,,,,,,,,,,,,,,,,,,,,,,,,,,,
Ahkeli's Meadow,,,,,,,,,,,,,,,,,,,,,,,,,,,
Ahkeli's Mountain,,,,,,,,,,,,,,,,,,,,,,,,,,,
Ahkeli's Valley,,,,,,,,,,,,,,,,,,,,,,,,,,,
Ahn's Contempt,,,,,,,,,,,,,,,,,,,,,,,,,,,
Ahn's Heritage,,,,,,,,,,,,,,,,,,,,,,,,,,,
Ahn's Might,,,,,,,,,,,,,,,,,,,,,,,,,,,
Ahuana's Bite,,,,,,,,,,,,,,,,,,,,,,,,,,,
Akoya's Gaze,,,,,,,,,,,,,,,,,,,,,,,,,,,
Al Dhih,,,,,,,,,,,,,,,,,,,,,,,,,,,
Alberon's Warpath,,,,,,,,,,,,,,,,,,,,,,,,,,,
Algor Mortis,,,,,,,,,,,,,,,,,,,,,,,,,,,
Allelopathy,,,,,,,,,,,,,,,,,,,,,,,,,,,
Allure,,,,,,,,,,,,,,,,,,,,,,,,,,,
Alpha's Howl,,,,,,,,,,,,,,,,,,,,,,,,,,,
Altered Distant Memory,,,,,,,,,,,,,,,,,,,,,,,,,,,
Amanamu's Gaze,,,,,,,,,,,,,,,,,,,,,,,,,,,
Ambu's Charge,,,,,,,,,,,,,,,,,,,,,,,,,,,
Anathema,,,,,,,,,,,,,,,,,,,,,,,,,,,
Ancestral Vision,,,,,,,,,,,,,,,,,,,,,,,,,,,
Ancient Skull,,,,,,,,,,,,,,,,,,,,,,,,,,,
Andvarius,,,,,,,,,,,,,,,,,,,,,,,,,,,
Angler's Plait,,,,,,,,,,,,,,,,,,,,,,,,,,,
Annihilation's Approach,,,,,,,,,,,,,,,,,,,,,,,,,,,
Apep's Rage,,,,,,,,,,,,,,,,,,,,,,,,,,,
Apep's Slumber,,,,,,,,,,,,,,,,,,,,,,,,,,,
Apep's Supremacy,,,,,,,,,,,,,,,,,,,,,,,,,,,
Apex Mode,,,,,,,,,,,,,,,,,,,,,,,,,,,
Arakaali's Fang,,,,,,,,,,,,,,,,,,,,,,,,,,,
Araku Tiki,,,,,,,,,,,,,,,,,,,,,,,,,,,
Arborix,,,,,,,,,,,,,,,,,,,,,,,,,,,
Architect's Hand,,,,,,,,,,,,,,,,,,,,,,,,,,,
Arn's Anguish,,,,,,,,,,,,,,,,,,,,,,,,,,,
Ascent From Flesh,,,,,,,,,,,,,,,,,,,,,,,,,,,
Asenath's Gentle Touch,,,,,,,,,,,,,,,,,,,,,,,,,,,
Asenath's Mark,,,,,,,,,,,,,,,,,,,,,,,,,,,
Ashcaller,,,,,,,,,,,,,,,,,,,,,,,,,,,
Ashes of the Stars,,,,,,,,,,,,,,,,,,,,,,,,,,,
Ashrend,,,,,,,,,,,,,,,,,,,,,,,,,,,
Asphyxia's Wrath,,,,,,,,,,,,,,,,,,,,,,,,,,,
Assailum,,,,,,,,,,,,,,,,,,,,,,,,,,,
Astral Projector,,,,,,,,,,,,,,,,,,,,,,,,,,,
Astramentis,,,,,,,,,,,,,,,,,,,,,,,,,,,
Atziri's Acuity,,,,,,,,,,,,,,,,,,,,,,,,,,,
Atziri's Disfavour,,,,,,,,,,,,,,,,,,,,,,,,,,,
Atziri's Foible,,,,,,,,,,,,,,,,,,,,,,,,,,,
Atziri's Promise,,,,,,,,,,,,,,,,,,,,,,,,,,,
Atziri's Reflection,,,,,,,,,,,,,,,,,,,,,,,,,,,
Atziri's Reign,,,,,,,,,,,,,,,,,,,,,,,,,,,
Atziri's Rule,,,,,,,,,,,,,,,,,,,,,,,,,,,
Atziri's Splendour,,,,,,,,,,,,,,,,,,,,,,,,,,,
Atziri's Step,,,,,,,,,,,,,,,,,,,,,,,,,,,
Augmented Distant Memory,,,,,,,,,,,,,,,,,,,,,,,,,,,
Augyre,,,,,,,,,,,,,,,,,,,,,,,,,,,
Aukuna's Will,,,,,,,,,,,,,,,,,,,,,,,,,,,
Aul's Uprising,,,,,,,,,,,,,,,,,,,,,,,,,,,
Aurseize,,,,,,,,,,,,,,,,,,,,,,,,,,,
Aurumvorax,,,,,,,,,,,,,,,,,,,,,,,,,,,
Auxium,,,,,,,,,,,,,,,,,,,,,,,,,,,
Axiom Perpetuum,,,,,,,,,,,,,,,,,,,,,,,,,,,
Badge of the Brotherhood,,,,,,,,,,,,,,,,,,,,,,,,,,,
Balefire,,,,,,,,,,,,,,,,,,,,,,,,,,,
Bated Breath,,,,,,,,,,,,,,,,,,,,,,,,,,,
Beacon of Madness,,,,,,,,,,,,,,,,,,,,,,,,,,,
Beacon of Madness,,,,,,,,,,,,,,,,,,,,,,,,,,,
Beacon of Madness,,,,,,,,,,,,,,,,,,,,,,,,,,,
Bear's Girdle,,,,,,,,,,,,,,,,,,,,,,,,,,,
Belly of the Beast,,,,,,,,,,,,,,,,,,,,,,,,,,,
Belt of the Deceiver,,,,,,,,,,,,,,,,,,,,,,,,,,,
Beltimber Blade,,,,,,,,,,,,,,,,,,,,,,,,,,,
Berek's Grip,,,,,,,,,,,,,,,,,,,,,,,,,,,
Berek's Pass,,,,,,,,,,,,,,,,,,,,,,,,,,,
Berek's Respite,,,,,,,,,,,,,,,,,,,,,,,,,,,
Bino's Kitchen Knife,,,,,,,,,,,,,,,,,,,,,,,,,,,
Bisco's Leash,,,,,,,,,,,,,,,,,,,,,,,,,,,
Bitterbind Point,,,,,,,,,,,,,,,,,,,,,,,,,,,
Bitterdream,,,,,,,,,,,,,,,,,,,,,,,,,,,
Black Sun Crest,,,,,,,,,,,,,,,,,,,,,,,,,,,
Black Zenith,,,,,,,,,,,,,,,,,,,,,,,,,,,
Blackflame,,,,,,,,,,,,,,,,,,,,,,,,,,,
Blackgleam,,,,,,,,,,,,,,,,,,,,,,,,,,,
Blackheart,,,,,,,,,,,,,,,,,,,,,,,,,,,
Blasphemer's Grasp,,,,,,,,,,,,,,,,,,,,,,,,,,,
Blightwell,,,,,,,,,,,,,,,,,,,,,,,,,,,
Blood of Corruption,,,,,,,,,,,,,,,,,,,,,,,,,,,
Blood of the Karui,,,,,,,,,,,,,,,,,,,,,,,,,,,
Blood Price,,,,,,,,,,,,,,,,,,,,,,,,,,,
Bloodbond,,,,,,,,,,,,,,,,,,,,,,,,,,,
Bloodgrip,,,,,,,,,,,,,,,,,,,,,,,,,,,
Bloodnotch,,,,,,,,,,,,,,,,,,,,,,,,,,,
Bloodplay,,,,,,,,,,,,,,,,,,,,,,,,,,,
Bloodseeker,,,,,,,,,,,,,,,,,,,,,,,,,,,
Bloodsoaked Medallion,,,,,,,,,,,,,,,,,,,,,,,,,,,
Blunderbore,,,,,,,,,,,,,,,,,,,,,,,,,,,
Bones of Ullr,,,,,,,,,,,,,,,,,,,,,,,,,,,
Bottled Faith,,,,,,,,,,,,,,,,,,,,,,,,,,,
Bound Fate,,,,,,,,,,,,,,,,,,,,,,,,,,,
Brain Rattler,,,,,,,,,,,,,,,,,,,,,,,,,,,
Bramblejack,,,,,,,,,,,,,,,,,,,,,,,,,,,
Breath of the Council,,,,,,,,,,,,,,,,,,,,,,,,,,,
Breathstealer,,,,,,,,,,,,,,,,,,,,,,,,,,,
Brightbeak,,,,,,,,,,,,,,,,,,,,,,,,,,,
Brinerot Flag,,,,,,,,,,,,,,,,,,,,,,,,,,,
Brinerot Mark,,,,,,,,,,,,,,,,,,,,,,,,,,,
Brinerot Whalers,,,,,,,,,,,,,,,,,,,,,,,,,,,
Briskwrap,,,,,,,,,,,,,,,,,,,,,,,,,,,
Broken Faith,,,,,,,,,,,,,,,,,,,,,,,,,,,
Bronn's Lithe,,,,,,,,,,,,,,,,,,,,,,,,,,,
Brutal Restraint,,,,,,,,,,,,,,,,,,,,,,,,,,,
Brute Force Solution,,,,,,,,,,,,,,,,,,,,,,,,,,,
Brutus' Lead Sprinkler,,,,,,,,,,,,,,,,,,,,,,,,,,,
Bubonic Trail,,,,,,,,,,,,,,,,,,,,,,,,,,,
Cadigan's Crown,,,,,,,,,,,,,,,,,,,,,,,,,,,
"Caer Blaidd, Wolfpack's Den",,,,,,,,,,,,,,,,,,,,,,,,,,,
Calamitous Visions,,,,,,,,,,,,,,,,,,,,,,,,,,,
Call of the Brotherhood,,,,,,,,,,,,,,,,,,,,,,,,,,,
Call of the Void,,,,,,,,,,,,,,,,,,,,,,,,,,,
Callinellus Malleus,,,,,,,,,,,,,,,,,,,,,,,,,,,
Cameria's Avarice,,,,,,,,,,,,,,,,,,,,,,,,,,,
Cameria's Maul,,,,,,,,,,,,,,,,,,,,,,,,,,,
Cane of Kulemak,,,,,,,,,,,,,,,,,,,,,,,,,,,
Cane of Unravelling,,,,,,,,,,,,,,,,,,,,,,,,,,,
Carcass Jack,,,,,,,,,,,,,,,,,,,,,,,,,,,
Careful Planning,,,,,,,,,,,,,,,,,,,,,,,,,,,
Carnage Heart,,,,,,,,,,,,,,,,,,,,,,,,,,,
Ceaseless Feast,,,,,,,,,,,,,,,,,,,,,,,,,,,
Ceinture of Benevolence,,,,,,,,,,,,,,,,,,,,,,,,,,,
Cerberus Limb,,,,,,,,,,,,,,,,,,,,,,,,,,,
Chain of Endurance,,,,,,,,,,,,,,,,,,,,,,,,,,,
Chains of Command,,,,,,,,,,,,,,,,,,,,,,,,,,,
Chains of Emancipation,,,,,,,,,,,,,,,,,,,,,,,,,,,
Chalice of Horrors,,,,,,,,,,,,,,,,,,,,,,,,,,,
Chernobog's Pillar,,,,,,,,,,,,,,,,,,,,,,,,,,,
Cherrubim's Maleficence,,,,,,,,,,,,,,,,,,,,,,,,,,,
Chill of Corruption,,,,,,,,,,,,,,,,,,,,,,,,,,,
Chin Sol,,,,,,,,,,,,,,,,,,,,,,,,,,,
Chitus' Apex,,,,,,,,,,,,,,,,,,,,,,,,,,,
Chober Chaber,,,,,,,,,,,,,,,,,,,,,,,,,,,
Choir of the Storm,,,,,,,,,,,,,,,,,,,,,,,,,,,
Cinderswallow Urn,,,,,,,,,,,,,,,,,,,,,,,,,,,
Circle of Ambition,,,,,,,,,,,,,,,,,,,,,,,,,,,
Circle of Anguish,,,,,,,,,,,,,,,,,,,,,,,,,,,
Circle of Fear,,,,,,,,,,,,,,,,,,,,,,,,,,,
Circle of Guilt,,,,,,,,,,,,,,,,,,,,,,,,,,,
Circle of Nostalgia,,,,,,,,,,,,,,,,,,,,,,,,,,,
Circle of Regret,,,,,,,,,,,,,,,,,,,,,,,,,,,
Clayshaper,,,,,,,,,,,,,,,,,,,,,,,,,,,
Cloak of Defiance,,,,,,,,,,,,,,,,,,,,,,,,,,,
Cloak of Flame,,,,,,,,,,,,,,,,,,,,,,,,,,,
Cloak of Tawm'r Isley,,,,,,,,,,,,,,,,,,,,,,,,,,,
Cold Iron Point,,,,,,,,,,,,,,,,,,,,,,,,,,,
Combat Focus,,,,,,,,,,,,,,,,,,,,,,,,,,,
Combat Focus,,,,,,,,,,,,,,,,,,,,,,,,,,,
Combat Focus,,,,,,,,,,,,,,,,,,,,,,,,,,,
Command of the Pit,,,,,,,,,,,,,,,,,,,,,,,,,,,
Contract: Breaking the Unbreakable,,,,,,,,,,,,,,,,,,,,,,,,,,,
Contract: Death to Darnaw,,,,,,,,,,,,,,,,,,,,,,,,,,,
Contract: Heart of Glory,,,,,,,,,,,,,,,,,,,,,,,,,,,
Contract: The Slaver King,,,,,,,,,,,,,,,,,,,,,,,,,,,
Contract: The Twins,,,,,,,,,,,,,,,,,,,,,,,,,,,
Coralito's Signature,,,,,,,,,,,,,,,,,,,,,,,,,,,
Corpsewalker,,,,,,,,,,,,,,,,,,,,,,,,,,,
Cortex,,,,,,,,,,,,,,,,,,,,,,,,,,,
Coruscating Elixir,,,,,,,,,,,,,,,,,,,,,,,,,,,
Cospri's Malice,,,,,,,,,,,,,,,,,,,,,,,,,,,
Cospri's Will,,,,,,,,,,,,,,,,,,,,,,,,,,,
Coward's Chains,,,,,,,,,,,,,,,,,,,,,,,,,,,
Coward's Legacy,,,,,,,,,,,,,,,,,,,,,,,,,,,
Cowl of the Ceraunophile,,,,,,,,,,,,,,,,,,,,,,,,,,,
Cowl of the Cryophile,,,,,,,,,,,,,,,,,,,,,,,,,,,
Cowl of the Thermophile,,,,,,,,,,,,,,,,,,,,,,,,,,,
Craghead,,,,,,,,,,,,,,,,,,,,,,,,,,,
Craiceann's Carapace,,,,,,,,,,,,,,,,,,,,,,,,,,,
Craiceann's Chitin,,,,,,,,,,,,,,,,,,,,,,,,,,,
Craiceann's Pincers,,,,,,,,,,,,,,,,,,,,,,,,,,,
Craiceann's Tracks,,,,,,,,,,,,,,,,,,,,,,,,,,,
Crest of Desire,,,,,,,,,,,,,,,,,,,,,,,,,,,
Crest of Perandus,,,,,,,,,,,,,,,,,,,,,,,,,,,
Crown of Eyes,,,,,,,,,,,,,,,,,,,,,,,,,,,
Crown of the Inward Eye,,,,,,,,,,,,,,,,,,,,,,,,,,,
Crown of the Pale King,,,,,,,,,,,,,,,,,,,,,,,,,,,
Crown of the Tyrant,,,,,,,,,,,,,,,,,,,,,,,,,,,
Crown of Thorns,,,,,,,,,,,,,,,,,,,,,,,,,,,
Crystallised Omniscience,,,,,,,,,,,,,,,,,,,,,,,,,,,
Curtain Call,,,,,,,,,,,,,,,,,,,,,,,,,,,
Cybil's Paw,,,,,,,,,,,,,,,,,,,,,,,,,,,
Cyclopean Coil,,,,,,,,,,,,,,,,,,,,,,,,,,,
Dance of the Offered,,,,,,,,,,,,,,,,,,,,,,,,,,,
Daresso's Courage,,,,,,,,,,,,,,,,,,,,,,,,,,,
Daresso's Defiance,,,,,,,,,,,,,,,,,,,,,,,,,,,
Daresso's Passion,,,,,,,,,,,,,,,,,,,,,,,,,,,
Daresso's Salute,,,,,,,,,,,,,,,,,,,,,,,,,,,
Darkness Enthroned,,,,,,,,,,,,,,,,,,,,,,,,,,,
Darkray Vectors,,,,,,,,,,,,,,,,,,,,,,,,,,,
Darkscorn,,,,,,,,,,,,,,,,,,,,,,,,,,,
Dawnbreaker,,,,,,,,,,,,,,,,,,,,,,,,,,,
Dawnstrider,,,,,,,,,,,,,,,,,,,,,,,,,,,
Dead Reckoning,,,,,,,,,,,,,,,,,,,,,,,,,,,
Death and Taxes,,,,,,,,,,,,,,,,,,,,,,,,,,,
Death Rush,,,,,,,,,,,,,,,,,,,,,,,,,,,
Death's Door,,,,,,,,,,,,,,,,,,,,,,,,,,,
Death's Hand,,,,,,,,,,,,,,,,,,,,,,,,,,,
Death's Harp,,,,,,,,,,,,,,,,,,,,,,,,,,,
Death's Oath,,,,,,,,,,,,,,,,,,,,,,,,,,,
Debeon's Dirge,,,,,,,,,,,,,,,,,,,,,,,,,,,
Deerstalker,,,,,,,,,,,,,,,,,,,,,,,,,,,
Defiance of Destiny,,,,,,,,,,,,,,,,,,,,,,,,,,,
Deidbell,,,,,,,,,,,,,,,,,,,,,,,,,,,
Demon Stitcher,,,,,,,,,,,,,,,,,,,,,,,,,,,
Dendrobate,,,,,,,,,,,,,,,,,,,,,,,,,,,
Devoto's Devotion,,,,,,,,,,,,,,,,,,,,,,,,,,,
Dialla's Malefaction,,,,,,,,,,,,,,,,,,,,,,,,,,,
Disintegrator,,,,,,,,,,,,,,,,,,,,,,,,,,,
Dissolution of the Flesh,,,,,,,,,,,,,,,,,,,,,,,,,,,
Divinarius,,,,,,,,,,,,,,,,,,,,,,,,,,,
Divination Distillate,,,,,,,,,,,,,,,,,,,,,,,,,,,
Doedre's Damning,,,,,,,,,,,,,,,,,,,,,,,,,,,
Doedre's Elixir,,,,,,,,,,,,,,,,,,,,,,,,,,,
Doedre's Scorn,,,,,,,,,,,,,,,,,,,,,,,,,,,
Doedre's Skin,,,,,,,,,,,,,,,,,,,,,,,,,,,
Doedre's Tenure,,,,,,,,,,,,,,,,,,,,,,,,,,,
Doedre's Tongue,,,,,,,,,,,,,,,,,,,,,,,,,,,
Doomfletch,,,,,,,,,,,,,,,,,,,,,,,,,,,
Doomsower,,,,,,,,,,,,,,,,,,,,,,,,,,,
Doon Cuebiyari,,,,,,,,,,,,,,,,,,,,,,,,,,,
Doppelgänger Guise,,,,,,,,,,,,,,,,,,,,,,,,,,,
Doryani's Catalyst,,,,,,,,,,,,,,,,,,,,,,,,,,,
Doryani's Delusion,,,,,,,,,,,,,,,,,,,,,,,,,,,
Doryani's Delusion,,,,,,,,,,,,,,,,,,,,,,,,,,,
Doryani's Delusion,,,,,,,,,,,,,,,,,,,,,,,,,,,
Doryani's Fist,,,,,,,,,,,,,,,,,,,,,,,,,,,
Doryani's Invitation,,,,,,,,,,,,,,,,,,,,,,,,,,,
Doryani's Machinarium,,,,,,,,,,,,,,,,,,,,,,,,,,,
Doryani's Prototype,,,,,,,,,,,,,,,,,,,,,,,,,,,
Dreadarc,,,,,,,,,,,,,,,,,,,,,,,,,,,
Dream Fragments,,,,,,,,,,,,,,,,,,,,,,,,,,,
Dreamfeather,,,,,,,,,,,,,,,,,,,,,,,,,,,
Drillneck,,,,,,,,,,,,,,,,,,,,,,,,,,,
Duskdawn,,,,,,,,,,,,,,,,,,,,,,,,,,,
Dusktoe,,,,,,,,,,,,,,,,,,,,,,,,,,,
Dyadian Dawn,,,,,,,,,,,,,,,,,,,,,,,,,,,
Dyadus,,,,,,,,,,,,,,,,,,,,,,,,,,,
Dying Breath,,,,,,,,,,,,,,,,,,,,,,,,,,,
Dying Sun,,,,,,,,,,,,,,,,,,,,,,,,,,,
Earendel's Embrace,,,,,,,,,,,,,,,,,,,,,,,,,,,
Eber's Unification,,,,,,,,,,,,,,,,,,,,,,,,,,,
Echoes of Creation,,,,,,,,,,,,,,,,,,,,,,,,,,,
Echoforge,,,,,,,,,,,,,,,,,,,,,,,,,,,
Eclipse Solaris,,,,,,,,,,,,,,,,,,,,,,,,,,,
Edge of Madness,,,,,,,,,,,,,,,,,,,,,,,,,,,
Efficient Training,,,,,,,,,,,,,,,,,,,,,,,,,,,
Elegant Hubris,,,,,,,,,,,,,,,,,,,,,,,,,,,
Elevore,,,,,,,,,,,,,,,,,,,,,,,,,,,
Elixir of the Unbroken Circle,,,,,,,,,,,,,,,,,,,,,,,,,,,
Emberwake,,,,,,,,,,,,,,,,,,,,,,,,,,,
Emperor's Cunning,,,,,,,,,,,,,,,,,,,,,,,,,,,
Emperor's Mastery,,,,,,,,,,,,,,,,,,,,,,,,,,,
Emperor's Might,,,,,,,,,,,,,,,,,,,,,,,,,,,
Emperor's Vigilance,,,,,,,,,,,,,,,,,,,,,,,,,,,
Emperor's Wit,,,,,,,,,,,,,,,,,,,,,,,,,,,
Empire's Grasp,,,,,,,,,,,,,,,,,,,,,,,,,,,
Energised Armour,,,,,,,,,,,,,,,,,,,,,,,,,,,
Energy From Within,,,,,,,,,,,,,,,,,,,,,,,,,,,
Entropic Devastation,,,,,,,,,,,,,,,,,,,,,,,,,,,
Ephemeral Edge,,,,,,,,,,,,,,,,,,,,,,,,,,,
Esh's Mirror,,,,,,,,,,,,,,,,,,,,,,,,,,,
Esh's Visage,,,,,,,,,,,,,,,,,,,,,,,,,,,
Essence Worm,,,,,,,,,,,,,,,,,,,,,,,,,,,
Essentia Sanguis,,,,,,,,,,,,,,,,,,,,,,,,,,,
Eternal Damnation,,,,,,,,,,,,,,,,,,,,,,,,,,,
Ewar's Mirage,,,,,,,,,,,,,,,,,,,,,,,,,,,
Expedition's End,,,,,,,,,,,,,,,,,,,,,,,,,,,
Extractor Mentis,,,,,,,,,,,,,,,,,,,,,,,,,,,
Eye of Chayula,,,,,,,,,,,,,,,,,,,,,,,,,,,
Eye of Innocence,,,,,,,,,,,,,,,,,,,,,,,,,,,
Eye of Malice,,,,,,,,,,,,,,,,,,,,,,,,,,,
Eyes of the Greatwolf,,,,,,,,,,,,,,,,,,,,,,,,,,,
Ezomyte Peak,,,,,,,,,,,,,,,,,,,,,,,,,,,
Facebreaker,,,,,,,,,,,,,,,,,,,,,,,,,,,
Fairgraves' Tricorne,,,,,,,,,,,,,,,,,,,,,,,,,,,
Faithguard,,,,,,,,,,,,,,,,,,,,,,,,,,,
Faminebind,,,,,,,,,,,,,,,,,,,,,,,,,,,
Farrul's Bite,,,,,,,,,,,,,,,,,,,,,,,,,,,
Farrul's Chase,,,,,,,,,,,,,,,,,,,,,,,,,,,
Farrul's Fur,,,,,,,,,,,,,,,,,,,,,,,,,,,
Farrul's Pounce,,,,,,,,,,,,,,,,,,,,,,,,,,,
Fate of the Vaal,,,,,,,,,,,,,,,,,,,,,,,,,,,
Fated End,,,,,,,,,,,,,,,,,,,,,,,,,,,
Feastbind,,,,,,,,,,,,,,,,,,,,,,,,,,,
Femurs of the Saints,,,,,,,,,,,,,,,,,,,,,,,,,,,
Fencoil,,,,,,,,,,,,,,,,,,,,,,,,,,,
Fenumus' Shroud,,,,,,,,,,,,,,,,,,,,,,,,,,,
Fenumus' Spinnerets,,,,,,,,,,,,,,,,,,,,,,,,,,,
Fenumus' Toxins,,,,,,,,,,,,,,,,,,,,,,,,,,,
Fenumus' Weave,,,,,,,,,,,,,,,,,,,,,,,,,,,
Fertile Mind,,,,,,,,,,,,,,,,,,,,,,,,,,,
Fevered Mind,,,,,,,,,,,,,,,,,,,,,,,,,,,
Fidelitas' Spike,,,,,,,,,,,,,,,,,,,,,,,,,,,
Firesong,,,,,,,,,,,,,,,,,,,,,,,,,,,
Flamesight,,,,,,,,,,,,,,,,,,,,,,,,,,,
Flesh and Spirit,,,,,,,,,,,,,,,,,,,,,,,,,,,
Flesh-Eater,,,,,,,,,,,,,,,,,,,,,,,,,,,
Fleshcrafter,,,,,,,,,,,,,,,,,,,,,,,,,,,
Fluid Motion,,,,,,,,,,,,,,,,,,,,,,,,,,,
Font of Thunder,,,,,,,,,,,,,,,,,,,,,,,,,,,
Forbidden Flame,,,,,,,,,,,,,,,,,,,,,,,,,,,
Forbidden Flesh,,,,,,,,,,,,,,,,,,,,,,,,,,,
Forbidden Shako,,,,,,,,,,,,,,,,,,,,,,,,,,,
Forbidden Taste,,,,,,,,,,,,,,,,,,,,,,,,,,,
Fortress Covenant,,,,,,,,,,,,,,,,,,,,,,,,,,,
Foxshade,,,,,,,,,,,,,,,,,,,,,,,,,,,
Fractal Thoughts,,,,,,,,,,,,,,,,,,,,,,,,,,,
Fragility,,,,,,,,,,,,,,,,,,,,,,,,,,,
Frostbreath,,,,,,,,,,,,,,,,,,,,,,,,,,,
Fury Valve,,,,,,,,,,,,,,,,,,,,,,,,,,,
Galesight,,,,,,,,,,,,,,,,,,,,,,,,,,,
Gamblesprint,,,,,,,,,,,,,,,,,,,,,,,,,,,
Gang's Momentum,,,,,,,,,,,,,,,,,,,,,,,,,,,
Garb of the Ephemeral,,,,,,,,,,,,,,,,,,,,,,,,,,,
Garukhan's Flight,,,,,,,,,,,,,,,,,,,,,,,,,,,
Geofri's Baptism,,,,,,,,,,,,,,,,,,,,,,,,,,,
Geofri's Crest,,,,,,,,,,,,,,,,,,,,,,,,,,,
Geofri's Sanctuary,,,,,,,,,,,,,,,,,,,,,,,,,,,
Ghostwrithe,,,,,,,,,,,,,,,,,,,,,,,,,,,
Giantsbane,,,,,,,,,,,,,,,,,,,,,,,,,,,
Gifts from Above,,,,,,,,,,,,,,,,,,,,,,,,,,,
Glimpse of Chaos,,,,,,,,,,,,,,,,,,,,,,,,,,,
Gloomfang,,,,,,,,,,,,,,,,,,,,,,,,,,,
Glorious Vanity,,,,,,,,,,,,,,,,,,,,,,,,,,,
Gluttony,,,,,,,,,,,,,,,,,,,,,,,,,,,
Goblinedge,,,,,,,,,,,,,,,,,,,,,,,,,,,
Goldrim,,,,,,,,,,,,,,,,,,,,,,,,,,,
Goldwyrm,,,,,,,,,,,,,,,,,,,,,,,,,,,
Gorebreaker,,,,,,,,,,,,,,,,,,,,,,,,,,,
Goredrill,,,,,,,,,,,,,,,,,,,,,,,,,,,
Gorgon's Gaze,,,,,,,,,,,,,,,,,,,,,,,,,,,
Grace of the Goddess,,,,,,,,,,,,,,,,,,,,,,,,,,,
Grand Spectrum,,,,,,,,,,,,,,,,,,,,,,,,,,,
Grand Spectrum,,,,,,,,,,,,,,,,,,,,,,,,,,,
Grand Spectrum,,,,,,,,,,,,,,,,,,,,,,,,,,,
Grand Spectrum,,,,,,,,,,,,,,,,,,,,,,,,,,,
Grand Spectrum,,,,,,,,,,,,,,,,,,,,,,,,,,,
Grand Spectrum,,,,,,,,,,,,,,,,,,,,,,,,,,,
Grand Spectrum,,,,,,,,,,,,,,,,,,,,,,,,,,,
Grand Spectrum,,,,,,,,,,,,,,,,,,,,,,,,,,,
Grand Spectrum,,,,,,,,,,,,,,,,,,,,,,,,,,,
Grasping Nightshade,,,,,,,,,,,,,,,,,,,,,,,,,,,
Grattus Signet,,,,,,,,,,,,,,,,,,,,,,,,,,,
Gravebind,,,,,,,,,,,,,,,,,,,,,,,,,,,
Graven's Secret,,,,,,,,,,,,,,,,,,,,,,,,,,,
Great Old One's Tentacles,,,,,,,,,,,,,,,,,,,,,,,,,,,
Great Old One's Ward,,,,,,,,,,,,,,,,,,,,,,,,,,,
Greed's Embrace,,,,,,,,,,,,,,,,,,,,,,,,,,,
Grelwood Shank,,,,,,,,,,,,,,,,,,,,,,,,,,,
Grip of the Council,,,,,,,,,,,,,,,,,,,,,,,,,,,
Gruthkul's Pelt,,,,,,,,,,,,,,,,,,,,,,,,,,,
Haemophilia,,,,,,,,,,,,,,,,,,,,,,,,,,,
Hale Negator,,,,,,,,,,,,,,,,,,,,,,,,,,,
Hall of Grandmasters,,,,,,,,,,,,,,,,,,,,,,,,,,,
Hallowed Ground,,,,,,,,,,,,,,,,,,,,,,,,,,,
Hand of the Fervent,,,,,,,,,,,,,,,,,,,,,,,,,,,
Hand of Thought and Motion,,,,,,,,,,,,,,,,,,,,,,,,,,,
Hand of Wisdom and Action,,,,,,,,,,,,,,,,,,,,,,,,,,,
Hands of the High Templar,,,,,,,,,,,,,,,,,,,,,,,,,,,
Hateforge,,,,,,,,,,,,,,,,,,,,,,,,,,,
Headhunter,,,,,,,,,,,,,,,,,,,,,,,,,,,
Healthy Mind,,,,,,,,,,,,,,,,,,,,,,,,,,,
Heartbound Loop,,,,,,,,,,,,,,,,,,,,,,,,,,,
Heartbreaker,,,,,,,,,,,,,,,,,,,,,,,,,,,
Heatshiver,,,,,,,,,,,,,,,,,,,,,,,,,,,
Hegemony's Era,,,,,,,,,,,,,,,,,,,,,,,,,,,
Heretic's Veil,,,,,,,,,,,,,,,,,,,,,,,,,,,
Hezmana's Bloodlust,,,,,,,,,,,,,,,,,,,,,,,,,,,
Hidden Potential,,,,,,,,,,,,,,,,,,,,,,,,,,,
Hiltless,,,,,,,,,,,,,,,,,,,,,,,,,,,
Hinekora's Sight,,,,,,,,,,,,,,,,,,,,,,,,,,,
Honourhome,,,,,,,,,,,,,,,,,,,,,,,,,,,
Hopeshredder,,,,,,,,,,,,,,,,,,,,,,,,,,,
Hrimnor's Hymn,,,,,,,,,,,,,,,,,,,,,,,,,,,
Hrimnor's Resolve,,,,,,,,,,,,,,,,,,,,,,,,,,,
Hrimsorrow,,,,,,,,,,,,,,,,,,,,,,,,,,,
Hyaon's Fury,,,,,,,,,,,,,,,,,,,,,,,,,,,
Hyperboreus,,,,,,,,,,,,,,,,,,,,,,,,,,,
Hyrri's Bite,,,,,,,,,,,,,,,,,,,,,,,,,,,
Hyrri's Ire,,,,,,,,,,,,,,,,,,,,,,,,,,,
Hyrri's Truth,,,,,,,,,,,,,,,,,,,,,,,,,,,
Icefang Orbit,,,,,,,,,,,,,,,,,,,,,,,,,,,
Icetomb,,,,,,,,,,,,,,,,,,,,,,,,,,,
Ichimonji,,,,,,,,,,,,,,,,,,,,,,,,,,,
Ikiaho's Promise,,,,,,,,,,,,,,,,,,,,,,,,,,,
Immortal Flesh,,,,,,,,,,,,,,,,,,,,,,,,,,,
Immutable Force,,,,,,,,,,,,,,,,,,,,,,,,,,,
Impossible Escape,,,,,,,,,,,,,,,,,,,,,,,,,,,
Impresence,,,,,,,,,,,,,,,,,,,,,,,,,,,
Impresence,,,,,,,,,,,,,,,,,,,,,,,,,,,
Impresence,,,,,,,,,,,,,,,,,,,,,,,,,,,
Impresence,,,,,,,,,,,,,,,,,,,,,,,,,,,
Impresence,,,,,,,,,,,,,,,,,,,,,,,,,,,
Incandescent Heart,,,,,,,,,,,,,,,,,,,,,,,,,,,
Indigon,,,,,,,,,,,,,,,,,,,,,,,,,,,
Inertia,,,,,,,,,,,,,,,,,,,,,,,,,,,
Inextricable Fate,,,,,,,,,,,,,,,,,,,,,,,,,,,
Infernal Mantle,,,,,,,,,,,,,,,,,,,,,,,,,,,
Infractem,,,,,,,,,,,,,,,,,,,,,,,,,,,
Infused Beachhead,,,,,,,,,,,,,,,,,,,,,,,,,,,
Innsbury Edge,,,,,,,,,,,,,,,,,,,,,,,,,,,
Inpulsa's Broken Heart,,,,,,,,,,,,,,,,,,,,,,,,,,,
Inspired Learning,,,,,,,,,,,,,,,,,,,,,,,,,,,
Intuitive Leap,,,,,,,,,,,,,,,,,,,,,,,,,,,
Invictus Solaris,,,,,,,,,,,,,,,,,,,,,,,,,,,
Inya's Epiphany,,,,,,,,,,,,,,,,,,,,,,,,,,,
Iron Commander,,,,,,,,,,,,,,,,,,,,,,,,,,,
Ixchel's Temptation,,,,,,,,,,,,,,,,,,,,,,,,,,,
"Jack, the Axe",,,,,,,,,,,,,,,,,,,,,,,,,,,
Jaws of Agony,,,,,,,,,,,,,,,,,,,,,,,,,,,
Jorrhast's Blacksteel,,,,,,,,,,,,,,,,,,,,,,,,,,,
Kahuturoa's Certainty,,,,,,,,,,,,,,,,,,,,,,,,,,,
Kalandra's Touch,,,,,,,,,,,,,,,,,,,,,,,,,,,
Kalisa's Grace,,,,,,,,,,,,,,,,,,,,,,,,,,,
Kaltenhalt,,,,,,,,,,,,,,,,,,,,,,,,,,,
Kaom's Binding,,,,,,,,,,,,,,,,,,,,,,,,,,,
Kaom's Heart,,,,,,,,,,,,,,,,,,,,,,,,,,,
Kaom's Primacy,,,,,,,,,,,,,,,,,,,,,,,,,,,
Kaom's Roots,,,,,,,,,,,,,,,,,,,,,,,,,,,
Kaom's Sign,,,,,,,,,,,,,,,,,,,,,,,,,,,
Kaom's Spirit,,,,,,,,,,,,,,,,,,,,,,,,,,,
Karui Ward,,,,,,,,,,,,,,,,,,,,,,,,,,,
Kiara's Determination,,,,,,,,,,,,,,,,,,,,,,,,,,,
Kikazaru,,,,,,,,,,,,,,,,,,,,,,,,,,,
Kiloava's Bluster,,,,,,,,,,,,,,,,,,,,,,,,,,,
Kingmaker,,,,,,,,,,,,,,,,,,,,,,,,,,,
Kingsguard,,,,,,,,,,,,,,,,,,,,,,,,,,,
Kintsugi,,,,,,,,,,,,,,,,,,,,,,,,,,,
Kitava's Feast,,,,,,,,,,,,,,,,,,,,,,,,,,,
Kitava's Teachings,,,,,,,,,,,,,,,,,,,,,,,,,,,
Kitava's Thirst,,,,,,,,,,,,,,,,,,,,,,,,,,,
Kondo's Pride,,,,,,,,,,,,,,,,,,,,,,,,,,,
Kongming's Stratagem,,,,,,,,,,,,,,,,,,,,,,,,,,,
Kongor's Undying Rage,,,,,,,,,,,,,,,,,,,,,,,,,,,
Kurgal's Gaze,,,,,,,,,,,,,,,,,,,,,,,,,,,
Lakishu's Blade,,,,,,,,,,,,,,,,,,,,,,,,,,,
Last Resort,,,,,,,,,,,,,,,,,,,,,,,,,,,
Lavianga's Spirit,,,,,,,,,,,,,,,,,,,,,,,,,,,
Lavianga's Wisdom,,,,,,,,,,,,,,,,,,,,,,,,,,,
Law of the Wilds,,,,,,,,,,,,,,,,,,,,,,,,,,,
Le Heup of All,,,,,,,,,,,,,,,,,,,,,,,,,,,
Leadership's Price,,,,,,,,,,,,,,,,,,,,,,,,,,,
Leash of Oblation,,,,,,,,,,,,,,,,,,,,,,,,,,,
Leer Cast,,,,,,,,,,,,,,,,,,,,,,,,,,,
Legacy of Fury,,,,,,,,,,,,,,,,,,,,,,,,,,,
Leper's Alms,,,,,,,,,,,,,,,,,,,,,,,,,,,
Lethal Pride,,,,,,,,,,,,,,,,,,,,,,,,,,,
Lifesprig,,,,,,,,,,,,,,,,,,,,,,,,,,,
Light of Lunaris,,,,,,,,,,,,,,,,,,,,,,,,,,,
Lightbane Raiment,,,,,,,,,,,,,,,,,,,,,,,,,,,
Lightning Coil,,,,,,,,,,,,,,,,,,,,,,,,,,,
Lightpoacher,,,,,,,,,,,,,,,,,,,,,,,,,,,
Limbsplit,,,,,,,,,,,,,,,,,,,,,,,,,,,
Lion's Roar,,,,,,,,,,,,,,,,,,,,,,,,,,,
Lioneye's Fall,,,,,,,,,,,,,,,,,,,,,,,,,,,
Lioneye's Glare,,,,,,,,,,,,,,,,,,,,,,,,,,,
Lioneye's Paws,,,,,,,,,,,,,,,,,,,,,,,,,,,
Lioneye's Remorse,,,,,,,,,,,,,,,,,,,,,,,,,,,
Lioneye's Vision,,,,,,,,,,,,,,,,,,,,,,,,,,,
Lochtonial Caress,,,,,,,,,,,,,,,,,,,,,,,,,,,
Loreweave,,,,,,,,,,,,,,,,,,,,,,,,,,,
Lori's Lantern,,,,,,,,,,,,,,,,,,,,,,,,,,,
Lycosidae,,,,,,,,,,,,,,,,,,,,,,,,,,,
Maata's Teaching,,,,,,,,,,,,,,,,,,,,,,,,,,,
Machina Mitts,,,,,,,,,,,,,,,,,,,,,,,,,,,
Maelström of Chaos,,,,,,,,,,,,,,,,,,,,,,,,,,,
Mageblood,,,,,,,,,,,,,,,,,,,,,,,,,,,
Magna Eclipsis,,,,,,,,,,,,,,,,,,,,,,,,,,,
Mahuxotl's Machination,,,,,,,,,,,,,,,,,,,,,,,,,,,
Malachai's Artifice,,,,,,,,,,,,,,,,,,,,,,,,,,,
Malachai's Loop,,,,,,,,,,,,,,,,,,,,,,,,,,,
Malachai's Mark,,,,,,,,,,,,,,,,,,,,,,,,,,,
Malachai's Simula,,,,,,,,,,,,,,,,,,,,,,,,,,,
Malachai's Vision,,,,,,,,,,,,,,,,,,,,,,,,,,,
Maligaro's Cruelty,,,,,,,,,,,,,,,,,,,,,,,,,,,
Maligaro's Lens,,,,,,,,,,,,,,,,,,,,,,,,,,,
Maligaro's Restraint,,,,,,,,,,,,,,,,,,,,,,,,,,,
Maligaro's Virtuosity,,,,,,,,,,,,,,,,,,,,,,,,,,,
Maloney's Mechanism,,,,,,,,,,,,,,,,,,,,,,,,,,,
Maloney's Nightfall,,,,,,,,,,,,,,,,,,,,,,,,,,,
Manastorm,,,,,,,,,,,,,,,,,,,,,,,,,,,
Mao Kun,,,,,,,,,,,,,,,,,,,,,,,,,,,
March of the Legion,,,,,,,,,,,,,,,,,,,,,,,,,,,
Mark of Submission,,,,,,,,,,,,,,,,,,,,,,,,,,,
Mark of the Doubting Knight,,,,,,,,,,,,,,,,,,,,,,,,,,,
Mark of the Elder,,,,,,,,,,,,,,,,,,,,,,,,,,,
Mark of the Red Covenant,,,,,,,,,,,,,,,,,,,,,,,,,,,
Mark of the Shaper,,,,,,,,,,,,,,,,,,,,,,,,,,,
Marohi Erqi,,,,,,,,,,,,,,,,,,,,,,,,,,,
Martyr of Innocence,,,,,,,,,,,,,,,,,,,,,,,,,,,
Marylene's Fallacy,,,,,,,,,,,,,,,,,,,,,,,,,,,
Mask of the Spirit Drinker,,,,,,,,,,,,,,,,,,,,,,,,,,,
Mask of the Stitched Demon,,,,,,,,,,,,,,,,,,,,,,,,,,,
Mask of the Tribunal,,,,,,,,,,,,,,,,,,,,,,,,,,,
Matua Tupuna,,,,,,,,,,,,,,,,,,,,,,,,,,,
Maw of Conquest,,,,,,,,,,,,,,,,,,,,,,,,,,,
Maw of Mischief,,,,,,,,,,,,,,,,,,,,,,,,,,,
Medved's Challenge,,,,,,,,,,,,,,,,,,,,,,,,,,,
Megalomaniac,,,,,,,,,,,,,,,,,,,,,,,,,,,
Meginord's Girdle,,,,,,,,,,,,,,,,,,,,,,,,,,,
Meginord's Vise,,,,,,,,,,,,,,,,,,,,,,,,,,,
Melding of the Flesh,,,,,,,,,,,,,,,,,,,,,,,,,,,
Memory Vault,,,,,,,,,,,,,,,,,,,,,,,,,,,
Mercenary's Lot,,,,,,,,,,,,,,,,,,,,,,,,,,,
Midnight Bargain,,,,,,,,,,,,,,,,,,,,,,,,,,,
Might of the Meek,,,,,,,,,,,,,,,,,,,,,,,,,,,
Mightblood Ire,,,,,,,,,,,,,,,,,,,,,,,,,,,
Mightflay,,,,,,,,,,,,,,,,,,,,,,,,,,,
Militant Faith,,,,,,,,,,,,,,,,,,,,,,,,,,,
Mind of the Council,,,,,,,,,,,,,,,,,,,,,,,,,,,
Mindspiral,,,,,,,,,,,,,,,,,,,,,,,,,,,
Ming's Heart,,,,,,,,,,,,,,,,,,,,,,,N/A,N/A,,,
Mistwall,,,,,,,,,,,,,,,,,,,,,,,N/A,N/A,,,
Mjölner,,,,,,,,,,,,,,,,,,,,,,,N/A,N/A,,,
Mokou's Embrace,,,,,,,,,,,,,,,,,,,,,,,N/A,N/A,,,
Mon'tregul's Grasp,,,,,,,,,,,,,,,,,,,,,,,N/A,N/A,,,
Moonbender's Wing,,,,,,,,,,,,,,,,,,,,,,,N/A,N/A,,,
Moonsorrow,,,,,,,,,,,,,,,,,,,,,,,N/A,N/A,,,
Mortem Morsu,,,,,,,,,,,,,,,,,,,,,,,N/A,N/A,,,
Mother's Embrace,,,,,,,,,,,,,,,,,,,,,,,N/A,N/A,,,
Mutewind Pennant,,,,,,,,,,,,,,,,,,,,,,,N/A,N/A,,,
Mutewind Seal,,,,,,,,,,,,,,,,,,,,,,,N/A,N/A,,,
Mutewind Whispersteps,,,,,,,,,,,,,,,,,,,,,,,N/A,N/A,,,
Nadir Mode,,,,,,,,,,,,,,,,,,,,,,,N/A,N/A,,,
Nametaker,,,,,,,,,,,,,,,,,,,,,,,N/A,N/A,,,
Natural Affinity,,,,,,,,,,,,,,,,,,,,,,,N/A,N/A,,,
Natural Hierarchy,,,,,,,,,,,,,,,,,,,,,,,N/A,N/A,,,
Nebulis,,,,,,,,,,,,,,,,,,,,,,,N/A,N/A,,,
Nebuloch,,,,,,,,,,,,,,,,,,,,,,,N/A,N/A,,,
Nevalius Inheritance,,,,,,,,,,,,,,,,,,,,,,,N/A,N/A,,,
Ngamahu's Flame,,,,,,,,,,,,,,,,,,,,,,,N/A,N/A,,,
Ngamahu's Sign,,,,,,,,,,,,,,,,,,,,,,,N/A,N/A,,,
Night's Hold,,,,,,,,,,,,,,,,,,,,,,,N/A,N/A,,,
Nightgrip,,,,,,,,,,,,,,,,,,,,,,,N/A,N/A,,,
Nimis,,,,,,,,,,,,,,,,,,,,,,,N/A,N/A,,,
Nomic's Storm,,,,,,,,,,,,,,,,,,,,,,,N/A,N/A,,,
Null and Void,,,,,,,,,,,,,,,,,,,,,,,N/A,N/A,,,
Null's Inclination,,,,,,,,,,,,,,,,,,,,,,,N/A,N/A,,,
Nuro's Harp,,,,,,,,,,,,,,,,,,,,,,,N/A,N/A,,,
Nycta's Lantern,,,,,,,,,,,,,,,,,,,,,,,N/A,N/A,,,
Oba's Cursed Trove,,,,,,,,,,,,,,,,,,,,,,,N/A,N/A,,,
Obliteration,,,,,,,,,,,,,,,,,,,,,,,N/A,N/A,,,
Obscurantis,,,,,,,,,,,,,,,,,,,,,,,N/A,N/A,,,
Offering to the Serpent,,,,,,,,,,,,,,,,,,,,,,,N/A,N/A,,,
Olesya's Delight,,,,,,,,,,,,,,,,,,,,,,,N/A,N/A,,,
Olmec's Sanctum,,,,,,,,,,,,,,,,,,,,,,,N/A,N/A,,,
Olroth's Charge,,,,,,,,,,,,,,,,,,,,,,,N/A,N/A,,,
Olroth's Resolve,,,,,,,,,,,,,,,,,,,,,,,N/A,N/A,,,
Omeyocan,,,,,,,,,,,,,,,,,,,,,,,N/A,N/A,,,
Ondar's Clasp,,,,,,,,,,,,,,,,,,,,,,,N/A,N/A,,,
One With Nothing,,,,,,,,,,,,,,,,,,,,,,,N/A,N/A,,,
Oni-Goroshi,,,,,,,,,,,,,,,,,,,,,,,N/A,N/A,,,
Orbala's Stand,,,,,,,,,,,,,,,,,,,,,,,N/A,N/A,,,
Oriath's End,,,,,,,,,,,,,,,,,,,,,,,N/A,N/A,,,
Original Sin,,,,,,,,,,,,,,,,,,,,,,,N/A,N/A,,,
Ornament of the East,,,,,,,,,,,,,,,,,,,,,,,N/A,N/A,,,
Oro's Sacrifice,,,,,,,,,,,,,,,,,,,,,,,N/A,N/A,,,
Oskarm,,,,,,,,,,,,,,,,,,,,,,,N/A,N/A,,,
Pacifism,,,,,,,,,,,,,,,,,,,,,,,N/A,N/A,,,
Painseeker,,,,,,,,,,,,,,,,,,,,,,,N/A,N/A,,,
Paradoxica,,,,,,,,,,,,,,,,,,,,,,,N/A,N/A,,,
Perandus Blazon,,,,,,,,,,,,,,,,,,,,,,,N/A,N/A,,,
Perandus Signet,,,,,,,,,,,,,,,,,,,,,,,N/A,N/A,,,
Perepiteia,,,,,,,,,,,,,,,,,,,,,,,N/A,N/A,,,
Perfidy,,,,,,,,,,,,,,,,,,,,,,,N/A,N/A,,,
Perquil's Toe,,,,,,,,,,,,,,,,,,,,,,,N/A,N/A,,,
Perseverance,,,,,,,,,,,,,,,,,,,,,,,N/A,N/A,,,
Pillar of the Caged God,,,,,,,,,,,,,,,,,,,,,,,N/A,N/A,,,
Pillars of Arun,,,,,,,,,,,,,,,,,,,,,,,N/A,N/A,,,
Piscator's Vigil,,,,,,,,,,,,,,,,,,,,,,,N/A,N/A,,,
Pledge of Hands,,,,,,,,,,,,,,,,,,,,,,,N/A,N/A,,,
Plume of Pursuit,,,,,,,,,,,,,,,,,,,,,,,N/A,N/A,,,
Polaric Devastation,,,,,,,,,,,,,,,,,,,,,,,N/A,N/A,,,
Poorjoy's Asylum,,,,,,,,,,,,,,,,,,,,,,,N/A,N/A,,,
Powerlessness,,,,,,,,,,,,,,,,,,,,,,,N/A,N/A,,,
Pragmatism,,,,,,,,,,,,,,,,,,,,,,,N/A,N/A,,,
Praxis,,,,,,,,,,,,,,,,,,,,,,,N/A,N/A,,,
Precursor's Emblem,,,,,,,,,,,,,,,,,,,,,,,N/A,N/A,,,
Precursor's Emblem,,,,,,,,,,,,,,,,,,,,,,,N/A,N/A,,,
Precursor's Emblem,,,,,,,,,,,,,,,,,,,,,,,N/A,N/A,,,
Precursor's Emblem,,,,,,,,,,,,,,,,,,,,,,,N/A,N/A,,,
Precursor's Emblem,,,,,,,,,,,,,,,,,,,,,,,N/A,N/A,,,
Precursor's Emblem,,,,,,,,,,,,,,,,,,,,,,,N/A,N/A,,,
Precursor's Emblem,,,,,,,,,,,,,,,,,,,,,,,N/A,N/A,,,
Presence of Chayula,,,,,,,,,,,,,,,,,,,,,,,N/A,N/A,,,
Primordial Eminence,,,,,,,,,,,,,,,,,,,,,,,N/A,N/A,,,
Primordial Harmony,,,,,,,,,,,,,,,,,,,,,,,N/A,N/A,,,
Primordial Might,,,,,,,,,,,,,,,,,,,,,,,N/A,N/A,,,
Prism Guardian,,,,,,,,,,,,,,,,,,,,,,,N/A,N/A,,,
Prismatic Eclipse,,,,,,,,,,,,,,,,,,,,,,,N/A,N/A,,,
Prismweave,,,,,,,,,,,,,,,,,,,,,,,N/A,N/A,,,
Profane Proxy,,,,,,,,,,,,,,,,,,,,,,,N/A,N/A,,,
Progenesis,,,,,,,,,,,,,,,,,,,,,,,N/A,N/A,,,
Pure Talent,,,,,,,,,,,,,,,,,,,,,,,N/A,N/A,,,
Putembo's Meadow,,,,,,,,,,,,,,,,,,,,,,,N/A,N/A,,,
Putembo's Mountain,,,,,,,,,,,,,,,,,,,,,,,N/A,N/A,,,
Putembo's Valley,,,,,,,,,,,,,,,,,,,,,,,N/A,N/A,,,
Pyre,,,,,,,,,,,,,,,,,,,,,,,N/A,N/A,,,
Pyroshock Clasp,,,,,,,,,,,,,,,,,,,,,,,N/A,N/A,,,
Qotra's Regulator,,,,,,,,,,,,,,,,,,,,,,,N/A,N/A,,,
Quecholli,,,,,,,,,,,,,,,,,,,,,,,N/A,N/A,,,
Queen of the Forest,,,,,,,,,,,,,,,,,,,,,,,N/A,N/A,,,
Queen's Decree,,,,,,,,,,,,,,,,,,,,,,,N/A,N/A,,,
Quickening Covenant,,,,,,,,,,,,,,,,,,,,,,,N/A,N/A,,,
Quill Rain,,,,,,,,,,,,,,,,,,,,,,,N/A,N/A,,,
Rain of Splinters,,,,,,,,,,,,,,,,,,,,,,,N/A,N/A,,,
Rainbowstride,,,,,,,,,,,,,,,,,,,,,,,N/A,N/A,,,
Rakiata's Dance,,,,,,,,,,,,,,,,,,,,,,,N/A,N/A,,,
Ralakesh's Impatience,,,,,,,,,,,,,,,,,,,,,,,N/A,N/A,,,
Rashkaldor's Patience,,,,,,,,,,,,,,,,,,,,,,,N/A,N/A,,,
Rat's Nest,,,,,,,,,,,,,,,,,,,,,,,N/A,N/A,,,
Rathpith Globe,,,,,,,,,,,,,,,,,,,,,,,N/A,N/A,,,
Rational Doctrine,,,,,,,,,,,,,,,,,,,,,,,N/A,N/A,,,
Ravenous Passion,,,,,,,,,,,,,,,,,,,,,,,N/A,N/A,,,
Razor of the Seventh Sun,,,,,,,,,,,,,,,,,,,,,,,N/A,N/A,,,
Reach of the Council,,,,,,,,,,,,,,,,,,,,,,,N/A,N/A,,,
Realmshaper,,,,,,,,,,,,,,,,,,,,,,,N/A,N/A,,,
Reaper's Pursuit,,,,,,,,,,,,,,,,,,,,,,,N/A,N/A,,,
Rearguard,,,,,,,,,,,,,,,,,,,,,,,N/A,N/A,,,
Rebuke of the Vaal,,,,,,,,,,,,,,,,,,,,,,,N/A,N/A,,,
Reckless Defence,,,,,,,,,,,,,,,,,,,,,,,N/A,N/A,,,
Redbeak,,,,,,,,,,,,,,,,,,,,,,,N/A,N/A,,,
Redblade Band,,,,,,,,,,,,,,,,,,,,,,,N/A,N/A,,,
Redblade Banner,,,,,,,,,,,,,,,,,,,,,,,N/A,N/A,,,
Redblade Tramplers,,,,,,,,,,,,,,,,,,,,,,,N/A,N/A,,,
Reefbane,,,,,,,,,,,,,,,,,,,,,,,N/A,N/A,,,
Relentless Fury,,,,,,,,,,,,,,,,,,,,,,,N/A,N/A,,,
Relic of the Pact,,,,,,,,,,,,,,,,,,,,,,,N/A,N/A,,,
Repentance,,,,,,,,,,,,,,,,,,,,,,,N/A,N/A,,,
Replica Abyssus,,,,,,,,,,,,,,,,,,,,,,,N/A,N/A,,,
Replica Advancing Fortress,,,,,,,,,,,,,,,,,,,,,,,N/A,N/A,,,
Replica Alberon's Warpath,,,,,,,,,,,,,,,,,,,,,,,N/A,N/A,,,
Replica Allelopathy,,,,,,,,,,,,,,,,,,,,,,,N/A,N/A,,,
Replica Allure,,,,,,,,,,,,,,,,,,,,,,,N/A,N/A,,,
Replica Alpha's Howl,,,,,,,,,,,,,,,,,,,,,,,N/A,N/A,,,
Replica Ambu's Charge,,,,,,,,,,,,,,,,,,,,,,,N/A,N/A,,,
Replica Atziri's Acuity,,,,,,,,,,,,,,,,,,,,,,,N/A,N/A,,,
Replica Atziri's Foible,,,,,,,,,,,,,,,,,,,,,,,N/A,N/A,,,
Replica Badge of the Brotherhood,,,,,,,,,,,,,,,,,,,,,,,N/A,N/A,,,
Replica Bated Breath,,,,,,,,,,,,,,,,,,,,,,,N/A,N/A,,,
Replica Bitterdream,,,,,,,,,,,,,,,,,,,,,,,N/A,N/A,,,
Replica Blood Thorn,,,,,,,,,,,,,,,,,,,,,,,N/A,N/A,,,
Replica Bloodplay,,,,,,,,,,,,,,,,,,,,,,,N/A,N/A,,,
Replica Bones of Ullr,,,,,,,,,,,,,,,,,,,,,,,N/A,N/A,,,
Replica Cold Iron Point,,,,,,,,,,,,,,,,,,,,,,,N/A,N/A,,,
Replica Cortex,,,,,,,,,,,,,,,,,,,,,,,N/A,N/A,,,
Replica Covenant,,,,,,,,,,,,,,,,,,,,,,,N/A,N/A,,,
Replica Doedre's Damning,,,,,,,,,,,,,,,,,,,,,,,N/A,N/A,,,
Replica Dragonfang's Flight,,,,,,,,,,,,,,,,,,,,,,,N/A,N/A,,,
Replica Dreamfeather,,,,,,,,,,,,,,,,,,,,,,,N/A,N/A,,,
Replica Duskdawn,,,,,,,,,,,,,,,,,,,,,,,N/A,N/A,,,
Replica Earendel's Embrace,,,,,,,,,,,,,,,,,,,,,,,N/A,N/A,,,
Replica Emberwake,,,,,,,,,,,,,,,,,,,,,,,N/A,N/A,,,
Replica Eternity Shroud,,,,,,,,,,,,,,,,,,,,,,,N/A,N/A,,,
Replica Farrul's Fur,,,,,,,,,,,,,,,,,,,,,,,N/A,N/A,,,
Replica Fencoil,,,,,,,,,,,,,,,,,,,,,,,N/A,N/A,,,
Replica Fragility,,,,,,,,,,,,,,,,,,,,,,,N/A,N/A,,,
Replica Frostbreath,,,,,,,,,,,,,,,,,,,,,,,N/A,N/A,,,
Replica Grip of the Council,,,,,,,,,,,,,,,,,,,,,,,N/A,N/A,,,
Replica Harvest,,,,,,,,,,,,,,,,,,,,,,,N/A,N/A,,,
Replica Headhunter,,,,,,,,,,,,,,,,,,,,,,,N/A,N/A,,,
Replica Heartbreaker,,,,,,,,,,,,,,,,,,,,,,,N/A,N/A,,,
Replica Heatshiver,,,,,,,,,,,,,,,,,,,,,,,N/A,N/A,,,
Replica Hinekora's Sight,,,,,,,,,,,,,,,,,,,,,,,N/A,N/A,,,
Replica Hyrri's Ire,,,,,,,,,,,,,,,,,,,,,,,N/A,N/A,,,
Replica Hyrri's Truth,,,,,,,,,,,,,,,,,,,,,,,N/A,N/A,,,
Replica Infractem,,,,,,,,,,,,,,,,,,,,,,,N/A,N/A,,,
Replica Innsbury Edge,,,,,,,,,,,,,,,,,,,,,,,N/A,N/A,,,
Replica Inya's Epiphany,,,,,,,,,,,,,,,,,,,,,,,N/A,N/A,,,
Replica Iron Commander,,,,,,,,,,,,,,,,,,,,,,,N/A,N/A,,,
Replica Kalisa's Grace,,,,,,,,,,,,,,,,,,,,,,,N/A,N/A,,,
Replica Kaom's Heart,,,,,,,,,,,,,,,,,,,,,,,N/A,N/A,,,
Replica Karui Ward,,,,,,,,,,,,,,,,,,,,,,,N/A,N/A,,,
Replica Kongor's Undying Rage,,,,,,,,,,,,,,,,,,,,,,,N/A,N/A,,,
Replica Last Resort,,,,,,,,,,,,,,,,,,,,,,,N/A,N/A,,,
Replica Lavianga's Spirit,,,,,,,,,,,,,,,,,,,,,,,N/A,N/A,,,
Replica Leer Cast,,,,,,,,,,,,,,,,,,,,,,,N/A,N/A,,,
Replica Lioneye's Paws,,,,,,,,,,,,,,,,,,,,,,,N/A,N/A,,,
Replica Loreweave,,,,,,,,,,,,,,,,,,,,,,,N/A,N/A,,,
Replica Malachai's Artifice,,,,,,,,,,,,,,,,,,,,,,,N/A,N/A,,,
Replica Maloney's Mechanism,,,,,,,,,,,,,,,,,,,,,,,N/A,N/A,,,
Replica Midnight Bargain,,,,,,,,,,,,,,,,,,,,,,,N/A,N/A,,,
Replica Mistwall,,,,,,,,,,,,,,,,,,,,,,,N/A,N/A,,,
Replica Nebulis,,,,,,,,,,,,,,,,,,,,,,,N/A,N/A,,,
Replica Oro's Sacrifice,,,,,,,,,,,,,,,,,,,,,,,N/A,N/A,,,
Replica Pacifism,,,,,,,,,,,,,,,,,,,,,,,N/A,N/A,,,
Replica Paradoxica,,,,,,,,,,,,,,,,,,,,,,,N/A,N/A,,,
Replica Perfect Form,,,,,,,,,,,,,,,,,,,,,,,N/A,N/A,,,
Replica Pillars of Arun,,,,,,,,,,,,,,,,,,,,,,,N/A,N/A,,,
Replica Poorjoy's Asylum,,,,,,,,,,,,,,,,,,,,,,,N/A,N/A,,,
Replica Powerlessness,,,,,,,,,,,,,,,,,,,,,,,N/A,N/A,,,
Replica Primordial Might,,,,,,,,,,,,,,,,,,,,,,,N/A,N/A,,,
Replica Prismweave,,,,,,,,,,,,,,,,,,,,,,,N/A,N/A,,,
Replica Quill Rain,,,,,,,,,,,,,,,,,,,,,,,N/A,N/A,,,
Replica Reckless Defence,,,,,,,,,,,,,,,,,,,,,,,N/A,N/A,,,
Replica Red Trail,,,,,,,,,,,,,,,,,,,,,,,N/A,N/A,,,
Replica Restless Ward,,,,,,,,,,,,,,,,,,,,,,,N/A,N/A,,,
Replica Rumi's Concoction,,,,,,,,,,,,,,,,,,,,,,,N/A,N/A,,,
Replica Shroud of the Lightless,,,,,,,,,,,,,,,,,,,,,,,N/A,N/A,,,
Replica Siegebreaker,,,,,,,,,,,,,,,,,,,,,,,N/A,N/A,,,
Replica Sorrow of the Divine,,,,,,,,,,,,,,,,,,,,,,,N/A,N/A,,,
Replica Soul Strike,,,,,,,,,,,,,,,,,,,,,,,N/A,N/A,,,
Replica Soul Tether,,,,,,,,,,,,,,,,,,,,,,,N/A,N/A,,,
Replica Stampede,,,,,,,,,,,,,,,,,,,,,,,N/A,N/A,,,
Replica Tasalio's Sign,,,,,,,,,,,,,,,,,,,,,,,N/A,N/A,,,
Replica Tempestuous Steel,,,,,,,,,,,,,,,,,,,,,,,N/A,N/A,,,
Replica Three-step Assault,,,,,,,,,,,,,,,,,,,,,,,N/A,N/A,,,
Replica Trypanon,,,,,,,,,,,,,,,,,,,,,,,N/A,N/A,,,
Replica Tukohama's Fortress,,,,,,,,,,,,,,,,,,,,,,,N/A,N/A,,,
Replica Tulfall,,,,,,,,,,,,,,,,,,,,,,,N/A,N/A,,,
Replica Twyzel,,,,,,,,,,,,,,,,,,,,,,,N/A,N/A,,,
Replica Ungil's Gauche,,,,,,,,,,,,,,,,,,,,,,,N/A,N/A,,,
Replica Veil of the Night,,,,,,,,,,,,,,,,,,,,,,,N/A,N/A,,,
Replica Victario's Charity,,,,,,,,,,,,,,,,,,,,,,,N/A,N/A,,,
Replica Voideye,,,,,,,,,,,,,,,,,,,,,,,N/A,N/A,,,
Replica Voidwalker,,,,,,,,,,,,,,,,,,,,,,,N/A,N/A,,,
Replica Volkuur's Guidance,,,,,,,,,,,,,,,,,,,,,,,N/A,N/A,,,
Replica Windripper,,,,,,,,,,,,,,,,,,,,,,,N/A,N/A,,,
Replica Wings of Entropy,,,,,,,,,,,,,,,,,,,,,,,N/A,N/A,,,
Replica Winterheart,,,,,,,,,,,,,,,,,,,,,,,N/A,N/A,,,
Replica Witchfire Brew,,,,,,,,,,,,,,,,,,,,,,,N/A,N/A,,,
Retaliation Charm,,,,,,,,,,,,,,,,,,,,,,,N/A,N/A,,,
Reverberation Rod,,,,,,,,,,,,,,,,,,,,,,,N/A,N/A,,,
Rewritten Distant Memory,,,,,,,,,,,,,,,,,,,,,,,N/A,N/A,,,
Rigwald's Charge,,,,,,,,,,,,,,,,,,,,,,,,,,,
Rigwald's Command,,,,,,,,,,,,,,,,,,,,,,,N/A,N/A,,,
Rigwald's Crest,,,,,,,,,,,,,,,,,,,,,,,N/A,N/A,,,
Rigwald's Curse,,,,,,,,,,,,,,,,,,,,,,,N/A,N/A,,,
Rigwald's Quills,,,,,,,,,,,,,,,,,,,,,,,N/A,N/A,,,
Rigwald's Savagery,,,,,,,,,,,,,,,,,,,,,,,N/A,N/A,,,
Rime Gaze,,,,,,,,,,,,,,,,,,,,,,,N/A,N/A,,,
Rise of the Phoenix,,,,,,,,,,,,,,,,,,,,,,,N/A,N/A,,,
Rive,,,,,,,,,,,,,,,,,,,,,,,,,,,
Romira's Banquet,,,,,,,,,,,,,,,,,,,,,,,N/A,N/A,,,
Rotblood Promise,,,,,,,,,,,,,,,,,,,,,,,N/A,N/A,,,
Rotgut,,,,,,,,,,,,,,,,,,,,,,,,,,,
Roth's Reach,,,,,,,,,,,,,,,,,,,,,,,,,,,
Rumi's Concoction,,,,,,,,,,,,,,,,,,,,,,,N/A,N/A,,,
Ryslatha's Coil,,,,,,,,,,,,,,,,,,,,,,,N/A,N/A,,,
Sacrificial Heart,,,,,,,,,,,,,,,,,,,,,,,N/A,N/A,,,
Sadima's Touch,,,,,,,,,,,,,,,,,,,,,,,N/A,N/A,,,
Saemus' Gift,,,,,,,,,,,,,,,,,,,,,,,,,,,
Saffell's Frame,,,,,,,,,,,,,,,,,,,,,,,N/A,N/A,,,
Sandstorm Visage,,,,,,,,,,,,,,,,,,,,,,,N/A,N/A,,,
Sap of the Seasons,,,,,,,,,,,,,,,,,,,,,,,N/A,N/A,,,
Saqawal's Flock,,,,,,,,,,,,,,,,,,,,,,,N/A,N/A,,,
Saqawal's Nest,,,,,,,,,,,,,,,,,,,,,,,N/A,N/A,,,
Saqawal's Talons,,,,,,,,,,,,,,,,,,,,,,,N/A,N/A,,,
Saqawal's Winds,,,,,,,,,,,,,,,,,,,,,,,N/A,N/A,,,
Scaeva,,,,,,,,,,,,,,,,,,,,,,,N/A,N/A,,,
Scold's Bridle,,,,,,,,,,,,,,,,,,,,,,,N/A,N/A,,,
Scorpion's Call,,,,,,,,,,,,,,,,,,,,,,,N/A,N/A,,,
Seething Fury,,,,,,,,,,,,,,,,,,,,,,,,,,,
Self-Flagellation,,,,,,,,,,,,,,,,,,,,,,,N/A,N/A,,,
Sentari's Answer,,,,,,,,,,,,,,,,,,,,,,,N/A,N/A,,,
Seven-League Step,,,,,,,,,,,,,,,,,,,,,,,N/A,N/A,,,
Severed in Sleep,,,,,,,,,,,,,,,,,,,,,,,N/A,N/A,,,
Shackles of the Wretched,,,,,,,,,,,,,,,,,,,,,,,N/A,N/A,,,
Shade of Solaris,,,,,,,,,,,,,,,,,,,,,,,N/A,N/A,,,
Shadows and Dust,,,,,,,,,,,,,,,,,,,,,,,N/A,N/A,,,
Shadowstitch,,,,,,,,,,,,,,,,,,,,,,,N/A,N/A,,,
Shaper's Seed,,,,,,,,,,,,,,,,,,,,,,,,,,,
Shaper's Touch,,,,,,,,,,,,,,,,,,,,,,,N/A,N/A,,,
Shattershard,,,,,,,,,,,,,,,,,,,,,,,N/A,N/A,,,
Shavronne's Pace,,,,,,,,,,,,,,,,,,,,,,,,,,,
Shavronne's Revelation,,,,,,,,,,,,,,,,,,,,,,,N/A,N/A,,,
Shavronne's Wrappings,,,,,,,,,,,,,,,,,,,,,,,N/A,N/A,,,
Shimmeron,,,,,,,,,,,,,,,,,,,,,,,N/A,N/A,,,
Shiversting,,,,,,,,,,,,,,,,,,,,,,,,,,,
Shroud of the Lightless,,,,,,,,,,,,,,,,,,,,,,,N/A,N/A,,,
Sibyl's Lament,,,,,,,,,,,,,,,,,,,,,,,,,,,
Sidhebreath,,,,,,,,,,,,,,,,,,,,,,,,,,,
Siegebreaker,,,,,,,,,,,,,,,,,,,,,,,,,,,
Sign of the Sin Eater,,,,,,,,,,,,,,,,,,,,,,,,,,,
Silverbranch,,,,,,,,,,,,,,,,,,,,,,,,,,,
Sin Trek,,,,,,,,,,,,,,,,,,,,,,,,,,,
Sin's Rebirth,,,,,,,,,,,,,,,,,,,,,,,N/A,N/A,,,
Singularity,,,,,,,,,,,,,,,,,,,,,,,N/A,N/A,,,
Sinvicta's Mettle,,,,,,,,,,,,,,,,,,,,,,,,,,,
Sire of Shards,,,,,,,,,,,,,,,,,,,,,,,N/A,N/A,,,
Skin of the Lords,,,,,,,,,,,,,,,,,,,,,,,N/A,N/A,,,
Skin of the Loyal,,,,,,,,,,,,,,,,,,,,,,,N/A,N/A,,,
Skirmish,,,,,,,,,,,,,,,,,,,,,,,,,,,
Skullhead,,,,,,,,,,,,,,,,,,,,,,,,,,,
Skyforth,,,,,,,,,,,,,,,,,,,,,,,N/A,N/A,,,
Slavedriver's Hand,,,,,,,,,,,,,,,,,,,,,,,N/A,N/A,,,
Slitherpinch,,,,,,,,,,,,,,,,,,,,,,,,,,,
Slivertongue,,,,,,,,,,,,,,,,,,,,,,,N/A,N/A,,,
Snakebite,,,,,,,,,,,,,,,,,,,,,,,N/A,N/A,,,
Snakepit,,,,,,,,,,,,,,,,,,,,,,,N/A,N/A,,,
Solaris Lorica,,,,,,,,,,,,,,,,,,,,,,,N/A,N/A,,,
Solstice Vigil,,,,,,,,,,,,,,,,,,,,,,,N/A,N/A,,,
Song of the Sirens,,,,,,,,,,,,,,,,,,,,,,,N/A,N/A,,,
Soul Ascension,,,,,,,,,,,,,,,,,,,,,,,N/A,N/A,,,
Soul Catcher,,,,,,,,,,,,,,,,,,,,,,,N/A,N/A,,,
Soul Mantle,,,,,,,,,,,,,,,,,,,,,,,N/A,N/A,,,
Soul Ripper,,,,,,,,,,,,,,,,,,,,,,,N/A,N/A,,,
Soul Strike,,,,,,,,,,,,,,,,,,,,,,,N/A,N/A,,,
Soul Taker,,,,,,,,,,,,,,,,,,,,,,,N/A,N/A,,,
Soul Tether,,,,,,,,,,,,,,,,,,,,,,,N/A,N/A,,,
Soulbound,,,,,,,,,,,,,,,,,,,,,,,N/A,N/A,,,
Soulthirst,,,,,,,,,,,,,,,,,,,,,,,N/A,N/A,,,
Soulwrest,,,,,,,,,,,,,,,,,,,,,,,N/A,N/A,,,
Southbound,,,,,,,,,,,,,,,,,,,,,,,,,,,
Speaker's Wreath,,,,,,,,,,,,,,,,,,,,,,,N/A,N/A,,,
Split Personality,,,,,,,,,,,,,,,,,,,,,,,N/A,N/A,,,
Sporeguard,,,,,,,,,,,,,,,,,,,,,,,N/A,N/A,,,
Springleaf,,,,,,,,,,,,,,,,,,,,,,,,,,,
Star of Wraeclast,,,,,,,,,,,,,,,,,,,,,,,N/A,N/A,,,
Starforge,,,,,,,,,,,,,,,,,,,,,,,N/A,N/A,,,
Starkonja's Head,,,,,,,,,,,,,,,,,,,,,,,N/A,N/A,,,
Starlight Chalice,,,,,,,,,,,,,,,,,,,,,,,N/A,N/A,,,
Stasis Prison,,,,,,,,,,,,,,,,,,,,,,,N/A,N/A,,,
Steelworm,,,,,,,,,,,,,,,,,,,,,,,N/A,N/A,,,
Steppan Eard,,,,,,,,,,,,,,,,,,,,,,,N/A,N/A,,,
Stone of Lazhwar,,,,,,,,,,,,,,,,,,,,,,,,,,,
Storm Cloud,,,,,,,,,,,,,,,,,,,,,,,,,,,
Storm Prison,,,,,,,,,,,,,,,,,,,,,,,,,,,
Storm Secret,,,,,,,,,,,,,,,,,,,,,,,N/A,N/A,,,
Storm's Gift,,,,,,,,,,,,,,,,,,,,,,,N/A,N/A,,,
Stormcharger,,,,,,,,,,,,,,,,,,,,,,,,,,,
Stormfire,,,,,,,,,,,,,,,,,,,,,,,N/A,N/A,,,
Stormseeker,,,,,,,,,,,,,,,,,,,,,,,N/A,N/A,,,
Stormshroud,,,,,,,,,,,,,,,,,,,,,,,N/A,N/A,,,
Story of the Vaal,,,,,,,,,,,,,,,,,,,,,,,N/A,N/A,,,
Stranglegasp,,,,,,,,,,,,,,,,,,,,,,,N/A,N/A,,,
String of Servitude,,,,,,,,,,,,,,,,,,,,,,,N/A,N/A,,,
Sublime Vision,,,,,,,,,,,,,,,,,,,,,,,N/A,N/A,,,
Sudden Dawn,,,,,,,,,,,,,,,,,,,,,,,N/A,N/A,,,
Sunblast,,,,,,,,,,,,,,,,,,,,,,,N/A,N/A,,,
Sundance,,,,,,,,,,,,,,,,,,,,,,,,,,,
Surgebinders,,,,,,,,,,,,,,,,,,,,,,,,,,,
Survivor's Guilt,,,,,,,,,,,,,,,,,,,,,,,N/A,N/A,,,
Tabula Rasa,,,,,,,,,,,,,,,,,,,,,,,N/A,N/A,,,
Tainted Pact,,,,,,,,,,,,,,,,,,,,,,,N/A,N/A,,,
Tanu Ahi,,,,,,,,,,,,,,,,,,,,,,,N/A,N/A,,,
Taproot,,,,,,,,,,,,,,,,,,,,,,,,,,,
Taryn's Shiver,,,,,,,,,,,,,,,,,,,,,,,N/A,N/A,,,
Tasalio's Sign,,,,,,,,,,,,,,,,,,,,,,,N/A,N/A,,,
Taste of Hate,,,,,,,,,,,,,,,,,,,,,,,N/A,N/A,,,
Tavukai,,,,,,,,,,,,,,,,,,,,,,,N/A,N/A,,,
Tawhanuku's Timing,,,,,,,,,,,,,,,,,,,,,,,,,,,
Tear of Purity,,,,,,,,,,,,,,,,,,,,,,,,,,,
Tecrod's Gaze,,,,,,,,,,,,,,,,,,,,,,,N/A,N/A,,,
Tempered Flesh,,,,,,,,,,,,,,,,,,,,,,,N/A,N/A,,,
Tempered Mind,,,,,,,,,,,,,,,,,,,,,,,N/A,N/A,,,
Tempered Spirit,,,,,,,,,,,,,,,,,,,,,,,N/A,N/A,,,
Temptation Step,,,,,,,,,,,,,,,,,,,,,,,N/A,N/A,,,
Terminus Est,,,,,,,,,,,,,,,,,,,,,,,,,,,
The Admiral,,,,,,,,,,,,,,,,,,,,,,,N/A,N/A,,,
The Adorned,,,,,,,,,,,,,,,,,,,,,,,N/A,N/A,,,
The Anima Stone,,,,,,,,,,,,,,,,,,,,,,,N/A,N/A,,,
The Annihilating Light,,,,,,,,,,,,,,,,,,,,,,,N/A,N/A,,,
The Anticipation,,,,,,,,,,,,,,,,,,,,,,,N/A,N/A,,,
The Anvil,,,,,,,,,,,,,,,,,,,,,,,,,,,
The Apostate,,,,,,,,,,,,,,,,,,,,,,,N/A,N/A,,,
The Aylardex,,,,,,,,,,,,,,,,,,,,,,,N/A,N/A,,,
The Balance of Terror,,,,,,,,,,,,,,,,,,,,,,,N/A,N/A,,,
The Baron,,,,,,,,,,,,,,,,,,,,,,,N/A,N/A,,,
The Battle Within,,,,,,,,,,,,,,,,,,,,,,,N/A,N/A,,,
The Beachhead,,,,,,,,,,,,,,,,,,,,,,,,,,,
The Beachhead,,,,,,,,,,,,,,,,,,,,,,,,,,,
The Beachhead,,,,,,,,,,,,,,,,,,,,,,,,,,,
The Beast Fur Shawl,,,,,,,,,,,,,,,,,,,,,,,N/A,N/A,,,
The Black Cane,,,,,,,,,,,,,,,,,,,,,,,N/A,N/A,,,
The Blood Dance,,,,,,,,,,,,,,,,,,,,,,,N/A,N/A,,,
The Blood Reaper,,,,,,,,,,,,,,,,,,,,,,,,,,,
The Blood Thorn,,,,,,,,,,,,,,,,,,,,,,,,,,,
The Blue Dream,,,,,,,,,,,,,,,,,,,,,,,N/A,N/A,,,
The Blue Nightmare,,,,,,,,,,,,,,,,,,,,,,,N/A,N/A,,,
The Brass Dome,,,,,,,,,,,,,,,,,,,,,,,N/A,N/A,,,
The Brine Crown,,,,,,,,,,,,,,,,,,,,,,,N/A,N/A,,,
The Bringer of Rain,,,,,,,,,,,,,,,,,,,,,,,N/A,N/A,,,
The Broken Crown,,,,,,,,,,,,,,,,,,,,,,,,,,,
The Burden of Shadows,,,,,,,,,,,,,,,,,,,,,,,,,,,
The Burden of Truth,,,,,,,,,,,,,,,,,,,,,,,N/A,N/A,,,
The Celestial Brace,,,,,,,,,,,,,,,,,,,,,,,N/A,N/A,,,
The Coming Calamity,,,,,,,,,,,,,,,,,,,,,,,N/A,N/A,,,
The Consuming Dark,,,,,,,,,,,,,,,,,,,,,,,N/A,N/A,,,
The Covenant,,,,,,,,,,,,,,,,,,,,,,,N/A,N/A,,,
The Coward's Trial,,,,,,,,,,,,,,,,,,,,,,,,,,,
The Crimson Storm,,,,,,,,,,,,,,,,,,,,,,,N/A,N/A,,,
The Dancing Dervish,,,,,,,,,,,,,,,,,,,,,,,N/A,N/A,,,
The Dark Seer,,,,,,,,,,,,,,,,,,,,,,,N/A,N/A,,,
The Deep One's Hide,,,,,,,,,,,,,,,,,,,,,,,,,,,
The Devourer of Minds,,,,,,,,,,,,,,,,,,,,,,,N/A,N/A,,,
The Devouring Diadem,,,,,,,,,,,,,,,,,,,,,,,N/A,N/A,,,
The Druggery,,,,,,,,,,,,,,,,,,,,,,,,,,,
The Embalmer,,,,,,,,,,,,,,,,,,,,,,,,,,,
The Enmity Divine,,,,,,,,,,,,,,,,,,,,,,,N/A,N/A,,,
The Ephemeral Bond,,,,,,,,,,,,,,,,,,,,,,,,,,,
The Eternal Apple,,,,,,,,,,,,,,,,,,,,,,,,,,,
The Eternal Struggle,,,,,,,,,,,,,,,,,,,,,,,N/A,N/A,,,
The Eternity Shroud,,,,,,,,,,,,,,,,,,,,,,,N/A,N/A,,,
The Felbog Fang,,,,,,,,,,,,,,,,,,,,,,,N/A,N/A,,,
The Flawed Refuge,,,,,,,,,,,,,,,,,,,,,,,N/A,N/A,,,
The Fledgling,,,,,,,,,,,,,,,,,,,,,,,N/A,N/A,,,
The Flow Untethered,,,,,,,,,,,,,,,,,,,,,,,N/A,N/A,,,
The Formless Flame,,,,,,,,,,,,,,,,,,,,,,,N/A,N/A,,,
The Formless Inferno,,,,,,,,,,,,,,,,,,,,,,,N/A,N/A,,,
The Fourth Vow,,,,,,,,,,,,,,,,,,,,,,,N/A,N/A,,,
The Fracturing Spinner,,,,,,,,,,,,,,,,,,,,,,,N/A,N/A,,,
The Front Line,,,,,,,,,,,,,,,,,,,,,,,N/A,N/A,,,
The Fulcrum,,,,,,,,,,,,,,,,,,,,,,,N/A,N/A,,,
The Ghastly Theatre,,,,,,,,,,,,,,,,,,,,,,,N/A,N/A,,,
The Gluttonous Tide,,,,,,,,,,,,,,,,,,,,,,,N/A,N/A,,,
The Goddess Bound,,,,,,,,,,,,,,,,,,,,,,,N/A,N/A,,,
The Goddess Scorned,,,,,,,,,,,,,,,,,,,,,,,N/A,N/A,,,
The Golden Rule,,,,,,,,,,,,,,,,,,,,,,,N/A,N/A,,,
The Green Dream,,,,,,,,,,,,,,,,,,,,,,,N/A,N/A,,,
The Green Nightmare,,,,,,,,,,,,,,,,,,,,,,,N/A,N/A,,,
The Grey Spire,,,,,,,,,,,,,,,,,,,,,,,N/A,N/A,,,
The Gull,,,,,,,,,,,,,,,,,,,,,,,N/A,N/A,,,
The Halcyon,,,,,,,,,,,,,,,,,,,,,,,N/A,N/A,,,
The Hand of Phrecia,,,,,,,,,,,,,,,,,,,,,,,N/A,N/A,,,
The Harvest,,,,,,,,,,,,,,,,,,,,,,,N/A,N/A,,,
The Hateful Accuser,,,,,,,,,,,,,,,,,,,,,,,,,,,
The Hidden Blade,,,,,,,,,,,,,,,,,,,,,,,N/A,N/A,,,
The Highwayman,,,,,,,,,,,,,,,,,,,,,,,,,,,
The Hungry Loop,,,,,,,,,,,,,,,,,,,,,,,N/A,N/A,,,
The Ignomon,,,,,,,,,,,,,,,,,,,,,,,,,,,
The Immortal Will,,,,,,,,,,,,,,,,,,,,,,,N/A,N/A,,,
The Infinite Pursuit,,,,,,,,,,,,,,,,,,,,,,,N/A,N/A,,,
The Interrogation,,,,,,,,,,,,,,,,,,,,,,,N/A,N/A,,,
The Iron Fortress,,,,,,,,,,,,,,,,,,,,,,,N/A,N/A,,,
The Iron Mass,,,,,,,,,,,,,,,,,,,,,,,N/A,N/A,,,
The Ivory Tower,,,,,,,,,,,,,,,,,,,,,,,N/A,N/A,,,
The Jinxed Juju,,,,,,,,,,,,,,,,,,,,,,,N/A,N/A,,,
The Light of Meaning,,,,,,,,,,,,,,,,,,,,,,,,,,,
The Magnate,,,,,,,,,,,,,,,,,,,,,,,N/A,N/A,,,
The Oppressor,,,,,,,,,,,,,,,,,,,,,,,,,,,
The Overflowing Chalice,,,,,,,,,,,,,,,,,,,,,,,N/A,N/A,,,
The Pandemonius,,,,,,,,,,,,,,,,,,,,,,,N/A,N/A,,,
The Pariah,,,,,,,,,,,,,,,,,,,,,,,N/A,N/A,,,
The Perfect Form,,,,,,,,,,,,,,,,,,,,,,,N/A,N/A,,,
The Poet's Pen,,,,,,,,,,,,,,,,,,,,,,,N/A,N/A,,,
The Poised Prism,,,,,,,,,,,,,,,,,,,,,,,N/A,N/A,,,
The Primordial Chain,,,,,,,,,,,,,,,,,,,,,,,N/A,N/A,,,
The Princess,,,,,,,,,,,,,,,,,,,,,,,,,,,
The Putrid Cloister,,,,,,,,,,,,,,,,,,,,,,,,,,,
The Queen's Hunger,,,,,,,,,,,,,,,,,,,,,,,N/A,N/A,,,
The Queller of Minds,,,,,,,,,,,,,,,,,,,,,,,,,,,
The Rat Cage,,,,,,,,,,,,,,,,,,,,,,,N/A,N/A,,,
The Red Dream,,,,,,,,,,,,,,,,,,,,,,,N/A,N/A,,,
The Red Nightmare,,,,,,,,,,,,,,,,,,,,,,,N/A,N/A,,,
The Red Trail,,,,,,,,,,,,,,,,,,,,,,,N/A,N/A,,,
The Restless Ward,,,,,,,,,,,,,,,,,,,,,,,,,,,
The Retch,,,,,,,,,,,,,,,,,,,,,,,N/A,N/A,,,
The Rippling Thoughts,,,,,,,,,,,,,,,,,,,,,,,N/A,N/A,,,
The Saviour,,,,,,,,,,,,,,,,,,,,,,,N/A,N/A,,,
The Scales of Justice,,,,,,,,,,,,,,,,,,,,,,,N/A,N/A,,,
The Scourge,,,,,,,,,,,,,,,,,,,,,,,N/A,N/A,,,
The Screaming Eagle,,,,,,,,,,,,,,,,,,,,,,,,,,,
The Searing Touch,,,,,,,,,,,,,,,,,,,,,,,N/A,N/A,,,
The Selfish Shepherd,,,,,,,,,,,,,,,,,,,,,,,,,,,
The Shattered Divinity,,,,,,,,,,,,,,,,,,,,,,,N/A,N/A,,,
The Siege,,,,,,,,,,,,,,,,,,,,,,,N/A,N/A,,,
The Snowblind Grace,,,,,,,,,,,,,,,,,,,,,,,N/A,N/A,,,
The Sorrow of the Divine,,,,,,,,,,,,,,,,,,,,,,,N/A,N/A,,,
The Squire,,,,,,,,,,,,,,,,,,,,,,,N/A,N/A,,,
The Stampede,,,,,,,,,,,,,,,,,,,,,,,N/A,N/A,,,
The Stormheart,,,,,,,,,,,,,,,,,,,,,,,,,,,
The Supreme Truth,,,,,,,,,,,,,,,,,,,,,,,N/A,N/A,,,
The Surging Thoughts,,,,,,,,,,,,,,,,,,,,,,,N/A,N/A,,,
The Surrender,,,,,,,,,,,,,,,,,,,,,,,N/A,N/A,,,
The Taming,,,,,,,,,,,,,,,,,,,,,,,N/A,N/A,,,
The Tempest Rising,,,,,,,,,,,,,,,,,,,,,,,N/A,N/A,,,
The Tempest's Binding,,,,,,,,,,,,,,,,,,,,,,,N/A,N/A,,,
The Tempest's Liberation,,,,,,,,,,,,,,,,,,,,,,,N/A,N/A,,,
The Tempestuous Steel,,,,,,,,,,,,,,,,,,,,,,,,,,,
The Three Dragons,,,,,,,,,,,,,,,,,,,,,,,,,,,
The Tides of Time,,,,,,,,,,,,,,,,,,,,,,,N/A,N/A,,,
The Torrent's Reclamation,,,,,,,,,,,,,,,,,,,,,,,N/A,N/A,,,
The Trickster's Smile,,,,,,,,,,,,,,,,,,,,,,,N/A,N/A,,,
The Twilight Temple,,,,,,,,,,,,,,,,,,,,,,,N/A,N/A,,,
The Unshattered Will,,,,,,,,,,,,,,,,,,,,,,,N/A,N/A,,,
The Untouched Soul,,,,,,,,,,,,,,,,,,,,,,,,,,,
The Utmost,,,,,,,,,,,,,,,,,,,,,,,N/A,N/A,,,
The Vertex,,,,,,,,,,,,,,,,,,,,,,,N/A,N/A,,,
The Vinktar Square,,,,,,,,,,,,,,,,,,,,,,,N/A,N/A,,,
The Warden's Brand,,,,,,,,,,,,,,,,,,,,,,,,,,,
The Wasp Nest,,,,,,,,,,,,,,,,,,,,,,,,,,,
The Whispering Ice,,,,,,,,,,,,,,,,,,,,,,,N/A,N/A,,,
The Winds of Fate,,,,,,,,,,,,,,,,,,,,,,,N/A,N/A,,,
The Wise Oak,,,,,,,,,,,,,,,,,,,,,,,N/A,N/A,,,
The Writhing Jar,,,,,,,,,,,,,,,,,,,,,,,N/A,N/A,,,
The Yielding Mortality,,,,,,,,,,,,,,,,,,,,,,,N/A,N/A,,,
Thief's Torment,,,,,,,,,,,,,,,,,,,,,,,N/A,N/A,,,
Thousand Ribbons,,,,,,,,,,,,,,,,,,,,,,,N/A,N/A,,,
Thousand Teeth Temu,,,,,,,,,,,,,,,,,,,,,,,,,,,
Thread of Hope,,,,,,,,,,,,,,,,,,,,,,,N/A,N/A,,,
Three-step Assault,,,,,,,,,,,,,,,,,,,,,,,,,,,
Thrillsteel,,,,,,,,,,,,,,,,,,,,,,,,,,,
Thunderfist,,,,,,,,,,,,,,,,,,,,,,,N/A,N/A,,,
Thundersight,,,,,,,,,,,,,,,,,,,,,,,N/A,N/A,,,
Tidebreaker,,,,,,,,,,,,,,,,,,,,,,,N/A,N/A,,,
Timeclasp,,,,,,,,,,,,,,,,,,,,,,,N/A,N/A,,,
Tinkerskin,,,,,,,,,,,,,,,,,,,,,,,N/A,N/A,,,
Titucius' Span,,,,,,,,,,,,,,,,,,,,,,,,,,,
To Dust,,,,,,,,,,,,,,,,,,,,,,,N/A,N/A,,,
Tombfist,,,,,,,,,,,,,,,,,,,,,,,N/A,N/A,,,
Torchoak Step,,,,,,,,,,,,,,,,,,,,,,,,,,,
Touch of Anguish,,,,,,,,,,,,,,,,,,,,,,,N/A,N/A,,,
Transcendent Flesh,,,,,,,,,,,,,,,,,,,,,,,N/A,N/A,,,
Transcendent Mind,,,,,,,,,,,,,,,,,,,,,,,N/A,N/A,,,
Transcendent Spirit,,,,,,,,,,,,,,,,,,,,,,,N/A,N/A,,,
Tremor Rod,,,,,,,,,,,,,,,,,,,,,,,N/A,N/A,,,
Triad Grip,,,,,,,,,,,,,,,,,,,,,,,,,,,
Triumvirate Authority,,,,,,,,,,,,,,,,,,,,,,,N/A,N/A,,,
Trolltimber Spire,,,,,,,,,,,,,,,,,,,,,,,N/A,N/A,,,
Trypanon,,,,,,,,,,,,,,,,,,,,,,,N/A,N/A,,,
Tukohama's Fortress,,,,,,,,,,,,,,,,,,,,,,,N/A,N/A,,,
Tulborn,,,,,,,,,,,,,,,,,,,,,,,N/A,N/A,,,
Tulfall,,,,,,,,,,,,,,,,,,,,,,,N/A,N/A,,,
Twisted Distant Memory,,,,,,,,,,,,,,,,,,,,,,,N/A,N/A,,,
Twyzel,,,,,,,,,,,,,,,,,,,,,,,,,,,
Ulaman's Gaze,,,,,,,,,,,,,,,,,,,,,,,N/A,N/A,,,
Umbilicus Immortalis,,,,,,,,,,,,,,,,,,,,,,,N/A,N/A,,,
Unending Hunger,,,,,,,,,,,,,,,,,,,,,,,N/A,N/A,,,
Ungil's Gauche,,,,,,,,,,,,,,,,,,,,,,,,,,,
Ungil's Harmony,,,,,,,,,,,,,,,,,,,,,,,N/A,N/A,,,
United in Dream,,,,,,,,,,,,,,,,,,,,,,,N/A,N/A,,,
Unnatural Instinct,,,,,,,,,,,,,,,,,,,,,,,N/A,N/A,,,
Unyielding Flame,,,,,,,,,,,,,,,,,,,,,,,N/A,N/A,,,
Usurper's Penance,,,,,,,,,,,,,,,,,,,,,,,N/A,N/A,,,
Utula's Hunger,,,,,,,,,,,,,,,,,,,,,,,N/A,N/A,,,
Uul-Netol's Embrace,,,,,,,,,,,,,,,,,,,,,,,N/A,N/A,,,
Uul-Netol's Kiss,,,,,,,,,,,,,,,,,,,,,,,N/A,N/A,,,
Uul-Netol's Vow,,,,,,,,,,,,,,,,,,,,,,,N/A,N/A,,,
Uzaza's Meadow,,,,,,,,,,,,,,,,,,,,,,,N/A,N/A,,,
Uzaza's Mountain,,,,,,,,,,,,,,,,,,,,,,,N/A,N/A,,,
Uzaza's Valley,,,,,,,,,,,,,,,,,,,,,,,N/A,N/A,,,
Vaal Caress,,,,,,,,,,,,,,,,,,,,,,,N/A,N/A,,,
Valako's Sign,,,,,,,,,,,,,,,,,,,,,,,N/A,N/A,,,
Valyrium,,,,,,,,,,,,,,,,,,,,,,,,,,,
Varunastra,,,,,,,,,,,,,,,,,,,,,,,N/A,N/A,,,
Vaults of Atziri,,,,,,,,,,,,,,,,,,,,,,,,,,,
Veil of the Night,,,,,,,,,,,,,,,,,,,,,,,N/A,N/A,,,
Venopuncture,,,,,,,,,,,,,,,,,,,,,,,N/A,N/A,,,
Ventor's Gamble,,,,,,,,,,,,,,,,,,,,,,,N/A,N/A,,,
Veruso's Ambition,,,,,,,,,,,,,,,,,,,,,,,N/A,N/A,,,
Veruso's Battering Rams,,,,,,,,,,,,,,,,,,,,,,,,,,,
Vessel of Vinktar,,,,,,,,,,,,,,,,,,,,,,,N/A,N/A,,,
Victario's Acuity,,,,,,,,,,,,,,,,,,,,,,,,,,,
Victario's Charity,,,,,,,,,,,,,,,,,,,,,,,,,,,
Victario's Flight,,,,,,,,,,,,,,,,,,,,,,,N/A,N/A,,,
Victario's Influence,,,,,,,,,,,,,,,,,,,,,,,N/A,N/A,,,
Viridi's Veil,,,,,,,,,,,,,,,,,,,,,,,N/A,N/A,,,
Vis Mortis,,,,,,,,,,,,,,,,,,,,,,,N/A,N/A,,,
Vivinsect,,,,,,,,,,,,,,,,,,,,,,,N/A,N/A,,,
Vix Lunaris,,,,,,,,,,,,,,,,,,,,,,,N/A,N/A,,,
Vixen's Entrapment,,,,,,,,,,,,,,,,,,,,,,,N/A,N/A,,,
Voice of the Storm,,,,,,,,,,,,,,,,,,,,,,,N/A,N/A,,,
Voices,,,,,,,,,,,,,,,,,,,,,,,N/A,N/A,,,
Void Battery,,,,,,,,,,,,,,,,,,,,,,,N/A,N/A,,,
Voidbringer,,,,,,,,,,,,,,,,,,,,,,,N/A,N/A,,,
Voideye,,,,,,,,,,,,,,,,,,,,,,,N/A,N/A,,,
Voidfletcher,,,,,,,,,,,,,,,,,,,,,,,N/A,N/A,,,
Voidforge,,,,,,,,,,,,,,,,,,,,,,,N/A,N/A,,,
Voidhome,,,,,,,,,,,,,,,,,,,,,,,N/A,N/A,,,
Voidwalker,,,,,,,,,,,,,,,,,,,,,,,N/A,N/A,,,
Volkuur's Guidance,,,,,,,,,,,,,,,,,,,,,,,N/A,N/A,,,
Volkuur's Guidance,,,,,,,,,,,,,,,,,,,,,,,N/A,N/A,,,
Volkuur's Guidance,,,,,,,,,,,,,,,,,,,,,,,N/A,N/A,,,
Voll's Devotion,,,,,,,,,,,,,,,,,,,,,,,N/A,N/A,,,
Voll's Protector,,,,,,,,,,,,,,,,,,,,,,,N/A,N/A,,,
Voll's Vision,,,,,,,,,,,,,,,,,,,,,,,N/A,N/A,,,
Voltaxic Rift,,,,,,,,,,,,,,,,,,,,,,,N/A,N/A,,,
Vorana's March,,,,,,,,,,,,,,,,,,,,,,,N/A,N/A,,,
Vorana's Preparation,,,,,,,,,,,,,,,,,,,,,,,N/A,N/A,,,
Vulconus,,,,,,,,,,,,,,,,,,,,,,,N/A,N/A,,,
Wake of Destruction,,,,,,,,,,,,,,,,,,,,,,,,,,,
Wanderlust,,,,,,,,,,,,,,,,,,,,,,,,,,,
Warped Timepiece,,,,,,,,,,,,,,,,,,,,,,,N/A,N/A,,,
Warrior's Legacy,,,,,,,,,,,,,,,,,,,,,,,N/A,N/A,,,
Watcher's Eye,,,,,,,,,,,,,,,,,,,,,,,N/A,N/A,,,
Whakawairua Tuahu,,,,,,,,,,,,,,,,,,,,,,,,,,,
Wheel of the Stormsail,,,,,,,,,,,,,,,,,,,,,,,,,,,
White Wind,,,,,,,,,,,,,,,,,,,,,,,,,,,
Wideswing,,,,,,,,,,,,,,,,,,,,,,,,,,,
Widowhail,,,,,,,,,,,,,,,,,,,,,,,N/A,N/A,,,
Widowmaker,,,,,,,,,,,,,,,,,,,,,,,,,,,
Wildfire Phloem,,,,,,,,,,,,,,,,,,,,,,,N/A,N/A,,,
Wildslash,,,,,,,,,,,,,,,,,,,,,,,,,,,
Willclash,,,,,,,,,,,,,,,,,,,,,,,,,,,
Willowgift,,,,,,,,,,,,,,,,,,,,,,,N/A,N/A,,,
Wilma's Requital,,,,,,,,,,,,,,,,,,,,,,,N/A,N/A,,,
Windripper,,,,,,,,,,,,,,,,,,,,,,,N/A,N/A,,,
Winds of Change,,,,,,,,,,,,,,,,,,,,,,,N/A,N/A,,,
Windscream,,,,,,,,,,,,,,,,,,,,,,,N/A,N/A,,,
Wings of Entropy,,,,,,,,,,,,,,,,,,,,,,,,,,,
Winterheart,,,,,,,,,,,,,,,,,,,,,,,,,,,
Winterweave,,,,,,,,,,,,,,,,,,,,,,,N/A,N/A,,,
Witchbane,,,,,,,,,,,,,,,,,,,,,,,N/A,N/A,,,
Witchfire Brew,,,,,,,,,,,,,,,,,,,,,,,N/A,N/A,,,
Witchhunter's Judgment,,,,,,,,,,,,,,,,,,,,,,,N/A,N/A,,,
Wondertrap,,,,,,,,,,,,,,,,,,,,,,,,,,,
Wraithlord,,,,,,,,,,,,,,,,,,,,,,,N/A,N/A,,,
Wreath of Phrecia,,,,,,,,,,,,,,,,,,,,,,,N/A,N/A,,,
Wurm's Molt,,,,,,,,,,,,,,,,,,,,,,,,,,,
Wyrmsign,,,,,,,,,,,,,,,,,,,,,,,N/A,N/A,,,
Xirgil's Crank,,,,,,,,,,,,,,,,,,,,,,,N/A,N/A,,,
Xoph's Blood,,,,,,,,,,,,,,,,,,,,,,,N/A,N/A,,,
Xoph's Heart,,,,,,,,,,,,,,,,,,,,,,,N/A,N/A,,,
Xoph's Inception,,,,,,,,,,,,,,,,,,,,,,,N/A,N/A,,,
Xoph's Nurture,,,,,,,,,,,,,,,,,,,,,,,N/A,N/A,,,
Yaomac's Accord,,,,,,,,,,,,,,,,,,,,,,,N/A,N/A,,,
Ylfeban's Trickery,,,,,,,,,,,,,,,,,,,,,,,N/A,N/A,,,
Yoke of Suffering,,,,,,,,,,,,,,,,,,,,,,,N/A,N/A,,,
Yriel's Fostering,,,,,,,,,,,,,,,,,,,,,,,N/A,N/A,,,
Zahndethus' Cassock,,,,,,,,,,,,,,,,,,,,,,,,,,,
Zeel's Amplifier,,,,,,,,,,,,,,,,,,,,,,,,,,,
Zerphi's Heart,,,,,,,,,,,,,,,,,,,,,,,N/A,N/A,,,
Zerphi's Last Breath,,,,,,,,,,,,,,,,,,,,,,,N/A,N/A,,,
